/****************************************************************************
** Resource object code
**
** Created by: The Resource Compiler for Qt version 5.15.18
**
** WARNING! All changes made in this file will be lost!
*****************************************************************************/

static const unsigned char qt_resource_data[] = {
  // /data/data/com.termux/files/home/хуйня/kumir2/build/src/app/kumir2-highgrade/window-icon-highgrade.png
  0x0,0x0,0x50,0x4c,
  0x89,
  0x50,0x4e,0x47,0xd,0xa,0x1a,0xa,0x0,0x0,0x0,0xd,0x49,0x48,0x44,0x52,0x0,
  0x0,0x2,0x0,0x0,0x0,0x2,0x0,0x8,0x6,0x0,0x0,0x0,0xf4,0x78,0xd4,0xfa,
  0x0,0x0,0x0,0x6,0x62,0x4b,0x47,0x44,0x0,0xff,0x0,0xff,0x0,0xff,0xa0,0xbd,
  0xa7,0x93,0x0,0x0,0x0,0x9,0x70,0x48,0x59,0x73,0x0,0x0,0xd,0xd7,0x0,0x0,
  0xd,0xd7,0x1,0x42,0x28,0x9b,0x78,0x0,0x0,0x0,0x7,0x74,0x49,0x4d,0x45,0x7,
  0xe1,0x4,0x19,0xf,0x6,0xd,0xea,0xea,0x40,0x54,0x0,0x0,0x20,0x0,0x49,0x44,
  0x41,0x54,0x78,0xda,0xed,0xdd,0x7b,0x7c,0x9c,0x65,0x9d,0xff,0xff,0xd7,0x3d,0x33,
  0x99,0x1c,0x9a,0x73,0x93,0x34,0x3d,0x83,0xa5,0x2d,0x4a,0x29,0x82,0xa5,0x40,0x39,
  0xb6,0x5,0x11,0xa8,0x7,0x14,0x17,0x56,0x5a,0xa9,0x28,0x22,0xb8,0xe2,0xee,0x22,
  0xea,0xae,0x7e,0x1f,0xfe,0x76,0x5,0x4f,0x80,0x2b,0xb8,0x82,0xeb,0x81,0x53,0x51,
  0x57,0x71,0x45,0xdd,0xb2,0x55,0x84,0x16,0x8a,0x54,0x28,0xa,0x5,0xa,0xf4,0x40,
  0x29,0xf4,0x0,0x6d,0x93,0x34,0x69,0xd3,0x34,0xc9,0x64,0x32,0xf7,0xef,0x8f,0x7b,
  0x6,0x42,0x3a,0x93,0x99,0x34,0x77,0xe6,0xbe,0xef,0xeb,0x7e,0xbf,0x1f,0x8f,0x3c,
  0x92,0xce,0xa4,0x99,0x99,0x6b,0xae,0x99,0xe7,0x67,0xae,0xfb,0xbe,0xae,0xcb,0xb2,
  0x6d,0x1b,0x65,0x54,0x12,0x1,0x26,0x3,0x33,0x81,0x19,0x40,0x23,0x50,0x5,0x54,
  0xa7,0xbf,0xe7,0xfa,0x39,0xae,0xa6,0x53,0x14,0xc5,0xd0,0x24,0x80,0x4e,0x60,0x7f,
  0xfa,0x7b,0xae,0x9f,0x5b,0x80,0x4d,0xc0,0x46,0x60,0x3b,0x90,0x52,0xd3,0xb9,0x1f,
  0x4b,0x5,0xc0,0x88,0x53,0x37,0x0,0xf9,0x81,0xdf,0xa7,0x3,0x65,0x6a,0x1e,0x45,
  0x51,0x94,0x11,0xa5,0x7,0xd8,0x9c,0x2e,0x6,0x36,0xd,0xfa,0xde,0xae,0xe6,0x51,
  0x1,0x50,0xcc,0x4c,0x4,0x16,0xc,0xf8,0x9a,0xa2,0x26,0x51,0x14,0x45,0xf1,0x24,
  0xdb,0x80,0x95,0x3,0xbe,0x76,0xaa,0x49,0x54,0x0,0xb8,0x99,0x46,0x60,0x7e,0xfa,
  0x6b,0x41,0xfa,0x13,0xbe,0xa2,0x28,0x8a,0xe2,0xbf,0x6c,0x4a,0x17,0x2,0xab,0xd2,
  0x5f,0x2d,0x6a,0x12,0x15,0x0,0xc3,0xcd,0x3c,0xe0,0xa3,0xc0,0x42,0x60,0x16,0x60,
  0xa9,0x49,0x14,0x45,0x51,0x2,0x15,0x1b,0x58,0xf,0x3c,0xc,0xdc,0x7,0xac,0x51,
  0x93,0xa8,0x0,0xc8,0x95,0x69,0xc0,0x62,0x60,0x49,0xfa,0x67,0x45,0x51,0x14,0xc5,
  0x9c,0x6c,0x1,0x96,0x1,0xf7,0xa6,0x7f,0x56,0x1,0x10,0xf2,0x2,0xa0,0xe,0xb8,
  0x38,0x8d,0xfe,0x3c,0x75,0x7,0x45,0x51,0x94,0x50,0x64,0x4d,0xba,0x18,0xf8,0x25,
  0x21,0x3e,0x91,0x30,0x8c,0x5,0x40,0xc,0x58,0x94,0x46,0x7f,0x11,0x9a,0x76,0xa7,
  0x28,0x8a,0x12,0xd6,0x24,0x80,0xe5,0xe9,0x62,0x60,0x39,0x90,0x54,0x1,0x60,0x66,
  0xe2,0xc0,0x52,0xe0,0xcb,0xc0,0x91,0xea,0xf7,0x8a,0xa2,0x28,0xca,0x80,0x6c,0x5,
  0xbe,0x5,0xdc,0x95,0x2e,0xc,0x54,0x0,0x18,0x90,0x72,0xe0,0xa,0xe0,0x3a,0x60,
  0x92,0xfa,0xb8,0xa2,0x28,0x8a,0x32,0x44,0x76,0x0,0x37,0x2,0x3f,0x6,0xba,0x55,
  0x0,0x4,0x33,0x55,0xc0,0x55,0xc0,0xb5,0x40,0x93,0xfa,0xb4,0xa2,0x28,0x8a,0x32,
  0x8c,0xec,0x1,0x6e,0x6,0x6e,0xc7,0x59,0x9d,0x50,0x5,0x40,0x0,0x52,0x7,0x5c,
  0x93,0xfe,0xaa,0x57,0x1f,0x56,0x14,0x45,0x51,0x46,0x90,0xbd,0xc0,0xad,0xe9,0x2f,
  0xa3,0x4e,0x18,0x34,0xa9,0x0,0x88,0x0,0x57,0x3,0xd7,0x3,0x35,0xea,0xb3,0x8a,
  0xa2,0x28,0x8a,0x8b,0xd9,0x7,0x7c,0x15,0xb8,0xd,0x43,0xf6,0x26,0x30,0xa5,0x0,
  0x98,0x8b,0x33,0x4c,0x73,0x82,0xfa,0xa8,0xa2,0x28,0x8a,0x32,0x8a,0x79,0x1a,0xe7,
  0xf0,0xf2,0x5a,0x13,0x3e,0x35,0x7,0x39,0x75,0x69,0xf8,0xff,0x22,0xfc,0x15,0x45,
  0x51,0x94,0x22,0xe4,0x84,0xb4,0x39,0xb7,0xa7,0xd,0xd2,0x8,0x80,0x7,0xb9,0xc,
  0xe7,0x4c,0xcd,0x46,0xf5,0x47,0x45,0x51,0x14,0xc5,0x83,0xb4,0xe0,0xcc,0x30,0xbb,
  0x5b,0x5,0x40,0x71,0x32,0xb,0xe7,0x18,0xcc,0xe9,0xea,0x7b,0x8a,0xa2,0x28,0x8a,
  0xf,0xf2,0x18,0xce,0x39,0x68,0xeb,0x83,0x74,0xa7,0x83,0x74,0x8,0xc0,0x2,0xbe,
  0x8,0x3c,0x23,0xfc,0x15,0x45,0x51,0x14,0x1f,0xe5,0xf4,0xb4,0x4d,0x5f,0x24,0x40,
  0x9b,0xc7,0x5,0x65,0x4,0xa0,0x1,0xb8,0x7,0x38,0x4f,0xfd,0x4c,0x51,0x14,0x45,
  0xf1,0x71,0x56,0x0,0x1f,0x7,0x5a,0x55,0x0,0x8c,0x3c,0x67,0x0,0x3f,0x7,0x26,
  0xaa,0x5f,0x29,0x8a,0xa2,0x28,0x1,0xc8,0x4e,0xe0,0x63,0xc0,0x6a,0x3f,0xdf,0xc9,
  0x88,0xcf,0xef,0xdb,0x57,0x80,0x95,0xc2,0x5f,0x51,0x14,0x45,0x9,0x50,0x26,0xa6,
  0xed,0xfa,0x8a,0x9f,0x9d,0xf5,0xeb,0x8,0xc0,0x38,0x9c,0x3d,0x9b,0xcf,0x56,0x3f,
  0x52,0x14,0x45,0x51,0x2,0x9c,0x87,0x80,0xc5,0xc0,0x6e,0x15,0x0,0xf9,0x33,0x1f,
  0x67,0xc8,0xbf,0x59,0xfd,0x46,0x51,0x14,0x45,0x31,0x20,0xbb,0x70,0xe,0x9,0xac,
  0xf2,0xd3,0x9d,0xf2,0xdb,0xd0,0xc4,0x12,0xe0,0x41,0xe1,0xaf,0x28,0x8a,0xa2,0x18,
  0x94,0xe6,0xb4,0x6d,0x4b,0x54,0x0,0x64,0xcf,0x17,0x70,0x16,0x53,0x88,0xa9,0xaf,
  0x28,0x8a,0xa2,0x28,0x86,0x25,0x96,0x36,0xee,0xb,0x7e,0xb9,0x43,0x7e,0x38,0x4,
  0x60,0xe1,0xac,0xe8,0x77,0xad,0xfa,0x87,0xa2,0x28,0x8a,0x12,0x82,0xdc,0x8c,0xb3,
  0x82,0xa0,0xa7,0x0,0x7b,0x5d,0x0,0xc4,0x80,0x3b,0xf0,0xd9,0xb0,0x48,0xa0,0x62,
  0xa7,0xb0,0xf7,0x6e,0x87,0x5d,0x1b,0xb1,0x77,0x6f,0xc2,0x3e,0xd0,0xa,0x3d,0x9d,
  0xd0,0xbd,0x1f,0xbb,0xa7,0x13,0x7a,0x3a,0xb1,0x7b,0xf6,0x3b,0x97,0xf5,0x74,0x62,
  0x67,0x2e,0x4f,0x26,0xb2,0xff,0xb9,0x5c,0x37,0x93,0xe3,0xca,0x21,0x7f,0x3f,0xc7,
  0x85,0xc3,0xfa,0x3f,0x3,0x2f,0x1f,0xc9,0xed,0x1f,0xe6,0x6d,0xf,0xf5,0xd8,0xdd,
  0xbc,0xfd,0x51,0x6d,0x7b,0xfb,0x30,0x9f,0xaf,0xc3,0xb8,0x6d,0xd7,0xdb,0xde,0xa5,
  0x76,0xf7,0xe4,0xf6,0xed,0x11,0xbc,0x56,0x8a,0xdc,0xf6,0x56,0x2c,0x4e,0xb4,0xbc,
  0x8a,0x48,0x79,0x75,0xfa,0x7b,0xfa,0xe7,0x32,0xe7,0xe7,0x68,0x45,0x35,0x91,0xb2,
  0x2a,0x62,0x35,0xd,0x94,0x4e,0x98,0x41,0xd9,0x84,0x99,0xc4,0x1b,0x26,0x83,0x15,
  0xf4,0xed,0x64,0x3c,0xcd,0x32,0xe0,0x72,0x20,0x19,0xc6,0x2,0xa0,0x2,0xf8,0x35,
  0x5a,0xdc,0xa7,0xb0,0x1c,0x6c,0xc7,0xde,0xb5,0x11,0x76,0x6f,0xc2,0xde,0xb5,0x9,
  0x7b,0xf7,0x26,0xd8,0xb5,0x91,0xd4,0x9e,0xcd,0xd0,0xd7,0x53,0x30,0xc0,0x9e,0x0,
  0x24,0xfc,0x85,0xbf,0xf0,0x37,0xae,0xed,0x23,0x25,0x65,0x94,0x4e,0x98,0x4e,0xe9,
  0x84,0x99,0xe9,0xa2,0x20,0xf3,0x35,0x93,0x68,0x65,0xa0,0xf7,0xc8,0x29,0x66,0x56,
  0x0,0x17,0x1,0x7,0xc3,0x54,0x0,0x8c,0x5,0x1e,0x0,0x4e,0xd2,0xf3,0x9f,0x23,
  0x1d,0x3b,0xb1,0x37,0xac,0xc4,0xde,0xb0,0x8a,0xd4,0x86,0x95,0xd0,0xb6,0x6d,0xc4,
  0x0,0xb,0x7f,0xe1,0x2f,0xfc,0x85,0x7f,0x31,0xda,0x3e,0xde,0x30,0x85,0xaa,0xd9,
  0xb,0xa8,0x3a,0x76,0x3e,0x55,0xc7,0x2e,0x20,0x5e,0xaf,0xa5,0x5c,0x86,0xc8,0x93,
  0xc0,0x5,0x40,0x5b,0x18,0xa,0x80,0xb1,0x38,0xab,0x23,0xbd,0x4b,0xcf,0xfb,0x80,
  0x74,0xb6,0x60,0x6f,0x5c,0x85,0xbd,0xf1,0x11,0xec,0xd,0x2b,0x9d,0x4f,0xfa,0x6e,
  0x0,0x28,0xfc,0x85,0xbf,0xf0,0x17,0xfe,0x45,0x6e,0xfb,0xc1,0x97,0x97,0x4d,0x98,
  0x41,0xd5,0xb1,0xb,0xa8,0x9a,0x75,0x16,0xd5,0xc7,0xce,0x27,0x56,0xad,0x4d,0x5c,
  0x7,0xe5,0x45,0x9c,0x55,0x6f,0x8b,0x5a,0x4,0x14,0xbb,0x0,0xa8,0x0,0x1e,0x6,
  0x4e,0xd6,0xf3,0xd,0x6c,0x59,0x43,0xea,0x6f,0xbf,0x86,0x97,0x1e,0xc6,0x7e,0x7d,
  0xfd,0xdb,0x5e,0x7d,0xc2,0x5f,0xf8,0xb,0x7f,0xe1,0x6f,0x2,0xfe,0x87,0xfc,0x8a,
  0x65,0x51,0x3e,0x65,0x16,0xd5,0xc7,0x2e,0xa4,0x7e,0xde,0x45,0x54,0x1e,0x3d,0x4f,
  0x16,0xbc,0x35,0x12,0xb0,0x80,0x22,0x1e,0xe,0x28,0x66,0x1,0x10,0x3,0x7e,0x9b,
  0x1e,0xea,0x8,0x6f,0x5a,0xb6,0x60,0x3f,0x71,0xaf,0xf3,0xd5,0xb2,0x65,0xf4,0x0,
  0x14,0xfe,0xc2,0x5f,0xf8,0xb,0x7f,0xbf,0xe1,0x9f,0x25,0xf1,0xe6,0x69,0x34,0x9c,
  0xb9,0x98,0x86,0x33,0x17,0x53,0xda,0x3c,0x2d,0xec,0x45,0xc0,0xa,0xe0,0x3,0x14,
  0xe9,0xc4,0xc0,0x62,0x16,0x0,0x77,0x2,0x4b,0x43,0xf9,0x94,0x1e,0x6c,0xc7,0x7e,
  0xea,0x97,0xd8,0x4f,0xdc,0xb,0x5b,0xd6,0x8c,0x3e,0x80,0xc2,0x5f,0xf8,0xb,0x7f,
  0xe1,0x1f,0x0,0xfc,0x7,0x3f,0xf6,0xca,0xa3,0xe7,0xd1,0x70,0xd6,0x62,0xea,0x4f,
  0xbd,0x98,0x58,0x78,0x4f,0x24,0x5c,0x6,0x5c,0x46,0x11,0xa6,0x8,0x16,0xab,0x0,
  0xf8,0x26,0xf0,0xe5,0x50,0x3d,0x85,0xa9,0x24,0xf6,0x73,0xcb,0xe1,0x89,0x7b,0x9d,
  0xef,0x3,0xa6,0xdd,0x9,0x7f,0xe1,0x2f,0xfc,0x85,0xbf,0xf0,0x1f,0xe2,0xca,0x58,
  0x9c,0xba,0x39,0x8b,0x68,0x38,0x6b,0x31,0xb5,0x73,0x16,0x61,0x45,0x43,0xb7,0x3e,
  0xdc,0xcd,0x14,0x61,0xc1,0xa0,0x62,0x14,0x0,0x9f,0x7,0xbe,0x17,0x9a,0xa7,0x2d,
  0x99,0x80,0x35,0x77,0x91,0xfa,0xc3,0xb7,0xa1,0x75,0x6b,0x71,0x1,0x14,0xfe,0xc2,
  0x5f,0xf8,0xb,0xff,0x80,0xe3,0x3f,0xf8,0xe2,0xd2,0x71,0x47,0x32,0xe1,0xc3,0x5f,
  0xa2,0x71,0xc1,0x52,0xac,0x58,0x3c,0x4c,0x45,0xc0,0x75,0xc0,0x4d,0x41,0x2e,0x0,
  0x2e,0xc1,0xd9,0xd8,0xc7,0x32,0xfe,0xa9,0xea,0xeb,0x86,0xc7,0x7e,0x8c,0xfd,0xc7,
  0x9b,0xb0,0xdb,0x77,0x14,0x1f,0x40,0xe1,0x2f,0xfc,0x85,0xbf,0xf0,0x37,0xc,0xff,
  0x81,0x97,0xc7,0xc7,0x4e,0x62,0xc2,0x85,0x5f,0xa0,0xe9,0x9c,0x2b,0x88,0xc4,0xcb,
  0xc3,0x50,0x0,0xd8,0x38,0x87,0x2,0x96,0x5,0xb1,0x0,0x38,0xd,0xe7,0x8c,0x7f,
  0xb3,0x4b,0xb6,0x9e,0x4e,0x78,0xf4,0x76,0xec,0x7,0xbf,0xb,0x9d,0x7b,0xbc,0x1,
  0x50,0xf8,0xb,0x7f,0xe1,0x2f,0xfc,0xd,0xc6,0x7f,0xe0,0x3f,0x4a,0x6a,0x9a,0x18,
  0xff,0xa1,0x7f,0x66,0xdc,0xfb,0xae,0x22,0x5a,0x5e,0x65,0x7a,0x11,0x90,0x4,0xde,
  0xcb,0x28,0xed,0x22,0x38,0x5a,0x5,0x40,0x3,0xb0,0xe,0x30,0x77,0xf5,0x87,0x83,
  0xed,0xb0,0xf2,0x56,0xec,0x95,0xdf,0x87,0x3,0x7b,0xbd,0x3,0x50,0xf8,0xb,0x7f,
  0xe1,0x2f,0xfc,0x43,0x82,0xff,0xc0,0x44,0x2b,0xeb,0x19,0xbf,0xe8,0x73,0x34,0x2f,
  0xba,0xc6,0xf4,0x13,0x6,0x77,0x1,0xef,0x6,0x76,0x7,0xa1,0x0,0xb0,0x80,0xff,
  0x3,0xde,0x67,0xe6,0xa0,0x4c,0xa,0x1e,0xb9,0xd,0xfb,0x77,0xff,0xf,0xba,0xf7,
  0x79,0xb,0xa0,0xf0,0x17,0xfe,0xc2,0x5f,0xf8,0x87,0x10,0xff,0x81,0xff,0x8c,0x56,
  0xd4,0x30,0xe5,0xd2,0xaf,0xd3,0x7c,0xfe,0xd5,0x26,0xef,0x4d,0xf0,0x10,0x70,0x2e,
  0x90,0xf2,0x7b,0x1,0xf0,0x65,0x9c,0xb3,0xfe,0xcd,0xcb,0xab,0x6b,0xb1,0x7f,0x76,
  0x35,0x6c,0x7b,0xda,0x7b,0x0,0x85,0xbf,0xf0,0x17,0xfe,0xc2,0x3f,0xe4,0xf8,0xf,
  0x4c,0xc5,0xb4,0x13,0x98,0xf6,0x99,0xdb,0xa8,0x9c,0x3e,0xd7,0xd4,0x22,0xe0,0xab,
  0xc0,0xd,0x7e,0x2e,0x0,0x4e,0xc3,0x39,0x56,0x61,0xd6,0x9c,0x8d,0x83,0xed,0xd8,
  0xf7,0x7f,0x5,0x1e,0xfb,0x91,0x33,0x2,0x20,0xfc,0x85,0xbf,0xf0,0x17,0xfe,0xc2,
  0xdf,0x37,0xf8,0xbf,0x79,0xb9,0x15,0xa1,0xf9,0xdc,0x4f,0x33,0x65,0xf1,0xd,0x26,
  0x1e,0x16,0xe8,0xc7,0x59,0x29,0x70,0xb5,0x1f,0xb,0x80,0xb1,0x38,0xc7,0xfd,0x27,
  0x19,0xd5,0xe4,0x7f,0xb9,0x1b,0xfb,0x7f,0xbe,0x8,0x9d,0x2d,0xfe,0x0,0x50,0xf8,
  0xb,0x7f,0xe1,0x2f,0xfc,0x85,0xff,0x90,0x97,0x97,0x54,0x37,0x32,0x75,0xe9,0x77,
  0x68,0x5a,0x70,0x99,0x69,0x45,0xc0,0x4e,0x9c,0xf3,0x1,0x5a,0xfd,0x54,0x0,0x58,
  0xc0,0x72,0xe0,0x7c,0x63,0x9a,0xf9,0xf5,0xf5,0xf0,0xf3,0xcf,0x62,0x6f,0x7e,0xcc,
  0x3f,0x0,0xa,0x7f,0xe1,0x2f,0xfc,0x85,0xbf,0xf0,0xcf,0x7f,0x79,0xfa,0x8a,0xea,
  0x77,0x9d,0xce,0xb4,0xcf,0xfc,0x80,0x8a,0xa9,0xb3,0x4c,0x2a,0x2,0x56,0xe0,0x2c,
  0xa9,0x3f,0x62,0xbc,0xdd,0x2a,0x0,0xbe,0x8,0x7c,0xdb,0x88,0xa6,0xb5,0x6d,0x78,
  0xf0,0x46,0xf8,0xed,0x57,0xb1,0x53,0x49,0xe1,0x2f,0xfc,0x85,0xbf,0xf0,0x17,0xfe,
  0x1,0xc4,0xff,0x4d,0xe4,0xa2,0x31,0xa6,0x2e,0xbe,0x9e,0x89,0x17,0x5e,0x7,0x96,
  0x31,0x4b,0xd2,0x7c,0x9,0xf8,0x8e,0x1f,0xa,0x80,0x59,0xc0,0x33,0x98,0x70,0xdc,
  0xff,0x40,0x2b,0xdc,0x79,0x19,0xac,0x5f,0xe1,0xda,0x8b,0x51,0xf8,0xb,0x7f,0xe1,
  0x2f,0xfc,0x85,0xbf,0x37,0xf8,0xf,0xfc,0xfd,0xba,0xf7,0x9c,0xc7,0x8c,0x7f,0xbc,
  0x9b,0x92,0xea,0x6,0x13,0xa,0x80,0x24,0x70,0x3c,0xb0,0xde,0xeb,0x2,0x60,0x35,
  0x70,0x7a,0xe0,0x9b,0x73,0xf3,0x6a,0xf8,0xc9,0xa5,0xd0,0xb1,0x53,0xf8,0xb,0x7f,
  0xe1,0x2f,0xfc,0x85,0xbf,0x41,0xf8,0x67,0x12,0x1f,0x3b,0x91,0x99,0xd7,0xfe,0x8c,
  0x9a,0x63,0xce,0x30,0xa1,0x8,0x78,0xc,0x18,0xd1,0x3,0x19,0xe9,0xa4,0xc9,0xcb,
  0x2,0x8f,0xbf,0x9d,0x82,0xff,0xbb,0x1,0xbe,0xbb,0x50,0xf8,0xb,0x7f,0xe1,0x2f,
  0xfc,0x85,0xbf,0xa1,0xf8,0x3,0x24,0xda,0x76,0xb2,0xfe,0xab,0xb,0xd9,0x7e,0xdf,
  0xd,0x6f,0xcd,0xe8,0xa,0x6e,0x4e,0x4f,0x1b,0xec,0xc9,0x8,0x40,0x1d,0xb0,0x11,
  0x68,0xc,0x6c,0xf3,0xed,0xdf,0xd,0x77,0x2c,0x81,0x97,0x1e,0x72,0xf5,0xc5,0x28,
  0xfc,0x85,0xbf,0xf0,0x17,0xfe,0xc2,0xdf,0x5f,0xf8,0xf,0xbe,0xae,0xf6,0xb8,0xb3,
  0x99,0xf9,0xcf,0xcb,0x88,0xd7,0x8e,0xb,0x72,0x11,0xd0,0x2,0xcc,0x4,0xda,0x8b,
  0x3d,0x2,0xf0,0x8d,0x40,0xe3,0xbf,0x71,0x15,0x7c,0xfd,0x78,0xe1,0x2f,0xfc,0x85,
  0xbf,0xf0,0x17,0xfe,0x21,0xc3,0x1f,0xa0,0xe3,0xd9,0x87,0x78,0xe6,0xf3,0xc7,0xd3,
  0xf1,0xfc,0xa8,0x2c,0xb3,0x5f,0xac,0x34,0xa6,0x2d,0x2e,0xea,0x8,0xc0,0x5c,0xe0,
  0x2f,0x8c,0xfc,0x10,0x82,0x37,0x79,0x62,0x19,0xdc,0xfd,0x49,0x48,0x9f,0xe5,0x2f,
  0xfc,0x85,0xbf,0xf0,0x17,0xfe,0xc2,0x3f,0x3c,0xf8,0xf,0xfc,0x87,0x15,0x8d,0x31,
  0xfd,0x9a,0x9f,0x32,0x6e,0xfe,0x92,0xa0,0x16,0x1,0x29,0xe0,0x14,0x60,0x6d,0x31,
  0xa,0x80,0x8,0xf0,0x14,0x70,0x42,0x20,0x9b,0xea,0xc1,0x9b,0xe0,0x37,0x5f,0x7a,
  0xb3,0xf7,0x8,0x7f,0xe1,0x2f,0xfc,0x85,0xbf,0xf0,0xf,0x27,0xfe,0x6f,0xfe,0x68,
  0x59,0xbc,0x63,0xe9,0xb7,0x99,0x74,0xe1,0x17,0x82,0x5a,0x4,0x3c,0xd,0x9c,0xc8,
  0x30,0xf7,0xa,0x38,0x9c,0x4f,0xf0,0x57,0x7,0x12,0x7f,0xdb,0x86,0x5f,0x5f,0x7,
  0xff,0xf3,0x45,0xe1,0x2f,0xfc,0x85,0xbf,0xf0,0x17,0xfe,0xc2,0x7f,0xc0,0xfb,0x97,
  0xcd,0x2b,0x77,0x7e,0x91,0x57,0xee,0xb8,0x2e,0xf7,0xd,0xf8,0x3b,0x27,0xa4,0x6d,
  0x1e,0xd5,0x11,0x80,0x3a,0x60,0x2b,0x50,0x13,0xac,0x1,0x92,0xa4,0x33,0xe4,0xff,
  0xc4,0x32,0xd7,0x5f,0x8c,0xc2,0x5f,0xf8,0xb,0x7f,0xe1,0x2f,0xfc,0x3,0x8c,0xff,
  0xa0,0x34,0xcd,0x5f,0xc2,0xcc,0x6b,0x7e,0x8a,0x15,0xd,0xdc,0xd2,0x36,0xfb,0x80,
  0x23,0x19,0xc6,0x9,0x81,0xc3,0x1d,0x1,0xb8,0x26,0x70,0xf8,0x27,0xe,0xc2,0xf,
  0x3e,0x28,0xfc,0x85,0xbf,0xf0,0x17,0xfe,0xc2,0x5f,0xf8,0xe7,0xbd,0xed,0xdd,0xab,
  0x96,0xb1,0xfe,0xfa,0xf,0x92,0xea,0x3d,0x18,0xb4,0x2,0xa0,0x26,0x6d,0xf4,0xa8,
  0x8c,0x0,0x54,0x1,0xaf,0x2,0xf5,0x81,0x69,0x8e,0xae,0x36,0xf8,0xfe,0x22,0xd8,
  0xfa,0xa4,0xf0,0x17,0xfe,0xc2,0x5f,0xf8,0xb,0x7f,0xe1,0x5f,0xf0,0x6d,0x57,0xcf,
  0x38,0x89,0x59,0x5f,0x5b,0x4e,0x49,0xd5,0xd8,0x20,0x15,0x1,0x7b,0x81,0x23,0x80,
  0x4e,0xb7,0x47,0x0,0xae,0xa,0x1c,0xfe,0x37,0x9e,0x29,0xfc,0x85,0xbf,0xf0,0x17,
  0xfe,0xc2,0x5f,0xf8,0xf,0xfb,0xb6,0xf7,0x6f,0x7a,0x92,0x75,0x5f,0x3a,0x83,0xbe,
  0xce,0xb6,0x20,0x15,0x0,0xf5,0x69,0xab,0x5d,0x1d,0x1,0x28,0x4f,0x7f,0xfa,0x6f,
  0xa,0x44,0x13,0x24,0xe,0x3a,0x2b,0xfb,0x9,0x7f,0xe1,0x2f,0xfc,0x85,0xbf,0xf0,
  0x17,0xfe,0x87,0x75,0xdb,0xce,0x35,0xd5,0x33,0x4f,0xe2,0xb8,0x1b,0x56,0x12,0x2d,
  0xad,0x8,0x4a,0x11,0xb0,0x27,0x3d,0xa,0xd0,0xed,0xd6,0x8,0xc0,0x15,0x81,0xc1,
  0x3f,0x95,0x84,0xff,0xfa,0xa8,0xf0,0x17,0xfe,0xc2,0x5f,0xf8,0xb,0x7f,0xe1,0x3f,
  0x22,0xfc,0x1,0xf6,0x6f,0x7c,0x92,0x17,0xbe,0x79,0x11,0x76,0x7f,0x32,0x28,0x5,
  0x40,0x53,0xda,0x6c,0x57,0x46,0x0,0xe2,0xc0,0x16,0x60,0x92,0xef,0x1f,0xb6,0x6d,
  0xc3,0x5d,0x4b,0x75,0xc2,0x9f,0xf0,0x17,0xfe,0xc2,0x5f,0xf8,0xb,0xff,0x11,0xe3,
  0x3f,0x30,0xe3,0xe6,0x2f,0xe1,0x9d,0xff,0x74,0x77,0x50,0xb6,0x14,0xde,0x1,0x4c,
  0x3,0x12,0x23,0x1d,0x1,0x58,0x1a,0x8,0xfc,0xc1,0x99,0xe3,0x2f,0xfc,0x85,0xbf,
  0xf0,0x17,0xfe,0xc2,0x5f,0xf8,0xbb,0x88,0x3f,0xc0,0xae,0x55,0xcb,0x78,0xf9,0xce,
  0xeb,0x82,0x32,0xa,0x30,0x29,0x6d,0xf7,0x88,0x46,0x0,0x62,0xc0,0x26,0x9c,0xb9,
  0x85,0xfe,0xce,0x83,0x37,0x39,0x5,0x80,0xf0,0x17,0xfe,0xc2,0x5f,0xf8,0xb,0x7f,
  0xe1,0xef,0x22,0xfe,0x3,0xaf,0x99,0x76,0xf9,0x8d,0x4c,0x9,0xc6,0x8a,0x81,0x5b,
  0x81,0x19,0x40,0xf2,0x70,0x47,0x0,0x16,0x5,0x2,0xff,0x27,0x96,0x39,0xcb,0xfb,
  0xa,0x7f,0xe1,0x2f,0xfc,0x85,0xbf,0xf0,0x17,0xfe,0xa3,0x84,0x3f,0xc0,0x96,0x3b,
  0xbf,0xc8,0xae,0x55,0xcb,0x82,0x50,0x0,0x1c,0x99,0x36,0x9c,0xc3,0x2d,0x0,0xfc,
  0xbf,0x3b,0xc2,0xc6,0x55,0xce,0x2a,0x7f,0x5a,0xde,0x57,0xf8,0xb,0x7f,0xe1,0x2f,
  0xfc,0x85,0xff,0x28,0xe2,0x9f,0xb9,0xb3,0x2f,0xdd,0x72,0x39,0xed,0xcf,0x5,0x62,
  0x17,0xc1,0x21,0xd,0x1f,0xea,0x10,0x40,0x1d,0xb0,0xb,0xe7,0x24,0x40,0x7f,0x66,
  0xff,0x6e,0x67,0x4b,0xdf,0xfd,0xbb,0x84,0xbf,0xf0,0x17,0xfe,0xc2,0x5f,0xf8,0xb,
  0xff,0xd1,0xc5,0x7f,0xc0,0xe5,0xf1,0xba,0x66,0xe6,0xde,0xba,0x8e,0x78,0xed,0x38,
  0x3f,0x17,0x0,0x9,0xa0,0x99,0x1c,0xcb,0x3,0xf,0x35,0x2,0x70,0xb1,0xaf,0xf1,
  0xb7,0x53,0x70,0xc7,0x12,0xe1,0x2f,0xfc,0x85,0xbf,0xf0,0x17,0xfe,0xc2,0xbf,0xa8,
  0xf8,0x3,0x24,0xf6,0xee,0xe2,0xc5,0x9b,0x16,0x63,0xdb,0xc3,0xda,0x80,0xaf,0xd8,
  0x89,0xa7,0x2d,0x67,0xb8,0x5,0x80,0xbf,0x87,0xff,0x57,0x7c,0x13,0x5e,0x7a,0x48,
  0xf8,0xb,0x7f,0xe1,0x2f,0xfc,0x85,0xbf,0xf0,0x2f,0x2a,0xfe,0x99,0x7f,0xec,0x5d,
  0xf7,0x10,0xaf,0xfd,0xea,0x9b,0xf8,0x3c,0x39,0x2d,0xcf,0x75,0x8,0x60,0x1a,0xf0,
  0xb2,0x6f,0x1f,0xce,0xe6,0xd5,0xce,0x4a,0x7f,0xa9,0x7e,0xe1,0x2f,0xfc,0x85,0xbf,
  0xf0,0x17,0xfe,0xc2,0xbf,0xe8,0xf8,0x67,0x7e,0xb4,0x22,0x51,0x4e,0xf8,0xc6,0x4a,
  0x6a,0x67,0x9d,0xe1,0xe7,0x22,0xe0,0x28,0x9c,0xf5,0x7c,0xa,0x1a,0x1,0x58,0xec,
  0xdb,0x87,0x71,0xa0,0x15,0x7e,0x72,0xa9,0xf0,0x17,0xfe,0xc2,0x5f,0xf8,0xb,0x7f,
  0xe1,0xef,0x29,0xfe,0x0,0x76,0xaa,0x9f,0xf5,0x37,0x7e,0x8c,0xbe,0xfd,0xad,0x7e,
  0x2e,0x0,0xb2,0x9a,0x1e,0x19,0xee,0x90,0x81,0xa7,0xb1,0x6d,0xb8,0xf3,0x32,0xe8,
  0xd8,0x29,0xfc,0x85,0xbf,0xf0,0x17,0xfe,0xc2,0x5f,0xf8,0x7b,0x8a,0x7f,0x26,0xbd,
  0x6d,0x3b,0x79,0xe1,0xbb,0x1f,0xcf,0xfd,0x0,0xbd,0xcf,0x92,0x42,0xb,0x80,0x79,
  0x38,0x87,0x0,0xfc,0x97,0x7,0x6f,0x84,0xf5,0x2b,0x84,0xbf,0xf0,0x17,0xfe,0xc2,
  0x5f,0xf8,0xb,0x7f,0x5f,0xe0,0x9f,0x49,0xdb,0x5f,0x57,0xf0,0xda,0x6f,0x6e,0xf4,
  0x6b,0x1,0x30,0x2d,0x6d,0x7b,0xde,0x2,0xe0,0xa3,0xbe,0xbc,0xfb,0xaf,0xaf,0x87,
  0xdf,0x7e,0x55,0xf8,0xb,0x7f,0xe1,0x2f,0xfc,0x85,0xbf,0xf0,0xf7,0x15,0xfe,0x99,
  0xeb,0x5e,0xbe,0xe7,0x2b,0x1c,0x78,0x6d,0xbd,0x5f,0x8b,0x80,0x8f,0x16,0x52,0x0,
  0x2c,0xf4,0xe5,0x5d,0xff,0xf9,0x67,0xb1,0x53,0x49,0xe1,0x2f,0xfc,0x85,0xbf,0xf0,
  0x17,0xfe,0xc2,0xdf,0x77,0xf8,0x3,0xd8,0xfd,0x49,0x36,0xdc,0x76,0xb5,0x5f,0xb,
  0x80,0x85,0xf9,0xa,0x80,0x46,0x60,0x96,0xef,0xee,0xf6,0x5f,0xee,0xc6,0xde,0xfc,
  0x98,0xf0,0x17,0xfe,0xc2,0x5f,0xf8,0xb,0x7f,0xe1,0xef,0x4b,0xfc,0x33,0xe9,0x78,
  0xe1,0x31,0xde,0x78,0xf8,0x6e,0x3f,0x16,0x0,0xb3,0xd2,0xc6,0xe7,0x2c,0x0,0xe6,
  0x3,0xfe,0xda,0xeb,0xf0,0x60,0x3b,0xf6,0x80,0x4d,0x7e,0x84,0xbf,0xf0,0x17,0xfe,
  0xc2,0x5f,0xf8,0xb,0x7f,0x3f,0xe2,0x9f,0xc9,0xa6,0x9f,0x5e,0x47,0xdf,0x81,0x76,
  0xbf,0x15,0x0,0x56,0xda,0xf8,0x21,0xb,0x0,0x5f,0xc5,0xbe,0xff,0x2b,0xd0,0xd9,
  0x22,0xfc,0x85,0xbf,0xf0,0x17,0xfe,0xc2,0x5f,0xf8,0xfb,0x1e,0x7f,0xdb,0x86,0xc4,
  0xbe,0x16,0x5e,0xbe,0xfb,0x5f,0xfd,0x38,0xa,0x30,0x64,0x1,0xb0,0xc0,0x57,0x77,
  0xf5,0xd5,0xb5,0xf0,0xd8,0x8f,0x84,0xbf,0xf0,0x17,0xfe,0xc2,0x5f,0xf8,0xb,0xff,
  0x40,0xe0,0x9f,0xc9,0xce,0x15,0x3f,0x62,0xdf,0xa6,0xb5,0x7e,0x2b,0x0,0x16,0xe4,
  0x2a,0x0,0x26,0xe2,0xec,0x1d,0xec,0x93,0x8f,0xfe,0x29,0xec,0x9f,0x5d,0xed,0xac,
  0xf9,0x2f,0xfc,0x85,0xbf,0xf0,0x17,0xfe,0xc2,0x5f,0xf8,0x7,0x4,0x7f,0xe7,0xdf,
  0x29,0x36,0xfc,0xe7,0x55,0x7e,0xdb,0x2b,0x60,0x46,0xda,0xfa,0x43,0xa,0x0,0x7f,
  0x7d,0xfa,0x7f,0xe4,0x36,0xd8,0xf6,0xb4,0xf0,0x17,0xfe,0xc2,0x5f,0xf8,0xb,0x7f,
  0xe1,0x1f,0x28,0xfc,0x33,0xd9,0xb7,0xe5,0x69,0xb6,0x2f,0xbf,0xcd,0xb7,0xa3,0x0,
  0xfe,0x2c,0x0,0xe,0xb6,0x63,0xff,0xee,0xff,0x9,0x7f,0xe1,0x2f,0xfc,0x85,0xbf,
  0xf0,0x17,0xfe,0x81,0xc4,0x3f,0x73,0xf1,0xcb,0xcb,0xbe,0xea,0xb7,0x13,0x2,0x7d,
  0x5e,0x0,0xac,0xbc,0x15,0xba,0xf7,0x9,0x7f,0xe1,0x2f,0xfc,0x85,0xbf,0xf0,0x17,
  0xfe,0x81,0xc5,0x1f,0x20,0xd9,0xb5,0x8f,0x6d,0xbf,0xbf,0xd5,0x97,0x5,0x40,0x66,
  0x37,0xc0,0x3a,0x60,0xaf,0x2f,0xee,0x5a,0x4f,0x27,0xf6,0xbf,0x1e,0x9,0x7,0xf6,
  0xa,0x7f,0xe1,0x2f,0xfc,0x85,0xbf,0xf0,0x17,0xfe,0x81,0xc5,0x3f,0x93,0x92,0xaa,
  0x7a,0x4e,0xbf,0xf3,0x55,0x62,0xe5,0x55,0x7e,0x29,0x2,0xea,0x81,0xf6,0xcc,0x8,
  0x80,0x7f,0x4e,0xfe,0x7b,0xf4,0x76,0xe1,0x2f,0xfc,0x85,0xbf,0xf0,0x17,0xfe,0xc2,
  0xdf,0x8,0xfc,0x1,0x12,0x9d,0x7b,0xd9,0xfe,0xc0,0xed,0x7e,0x1a,0x5,0x98,0x9,
  0x6f,0x1d,0x2,0x98,0xe9,0x8b,0xbb,0xd4,0xd7,0x8d,0xfd,0xe0,0x77,0x85,0xbf,0xf0,
  0x17,0xfe,0xc2,0x5f,0xf8,0xb,0x7f,0x23,0xf0,0xcf,0x5c,0xfe,0xea,0xfd,0x37,0xd3,
  0x9f,0xe8,0xf6,0x4b,0x1,0x30,0xc3,0x7f,0x5,0xc0,0x63,0x3f,0x86,0xce,0x3d,0xc2,
  0x5f,0xf8,0xb,0x7f,0xe1,0x2f,0xfc,0x85,0xbf,0x31,0xf8,0x3,0x24,0x3a,0xf6,0xb0,
  0x63,0xc5,0x8f,0x7d,0x39,0x2,0xe0,0xfd,0x21,0x80,0x64,0x2,0xfb,0x8f,0x37,0x9,
  0x7f,0xe1,0x2f,0xfc,0x85,0xbf,0xf0,0x17,0xfe,0x46,0xe1,0x9f,0xb9,0xe0,0xd5,0xff,
  0xb9,0x91,0x54,0x32,0xa1,0x11,0x80,0x43,0xb2,0xe6,0x2e,0xec,0xf6,0x1d,0xc2,0x5f,
  0xf8,0xb,0x7f,0xe1,0x2f,0xfc,0x85,0xbf,0x71,0xf8,0x3,0xf4,0xb4,0xee,0x60,0xe7,
  0x9f,0xee,0xf2,0xd5,0x8,0x40,0x4,0x98,0xee,0xe9,0x5d,0x49,0x25,0x49,0xfd,0xe1,
  0xdb,0xc2,0x5f,0xf8,0xb,0x7f,0xe1,0x2f,0xfc,0x85,0xbf,0x91,0xf8,0x67,0x7e,0x7c,
  0xe5,0xbe,0x6f,0x61,0xf7,0x27,0xbd,0x2e,0x0,0xa6,0x3,0x91,0x8,0x30,0x19,0x28,
  0xf3,0xf2,0x9e,0xd8,0xcf,0x2d,0x87,0xd6,0xad,0xc2,0x5f,0xf8,0xb,0x7f,0xe1,0x2f,
  0xfc,0x85,0xbf,0xb1,0xf8,0x3,0x74,0xef,0xda,0xca,0x9e,0xb5,0xcb,0xbd,0x2e,0x0,
  0xca,0x80,0xc9,0x11,0xfc,0x30,0xfc,0xff,0xc4,0xbd,0xc2,0x5f,0xf8,0xb,0x7f,0xe1,
  0x2f,0xfc,0x85,0xbf,0xd1,0xf8,0x67,0xf2,0xfa,0xca,0x65,0xf8,0x20,0x33,0x23,0x78,
  0x7d,0x2,0xe0,0xc1,0x76,0x67,0x4,0x40,0xf8,0xb,0x7f,0xe1,0x2f,0xfc,0x85,0xbf,
  0xf0,0x37,0x1c,0x7f,0x80,0x96,0x27,0x97,0xfb,0x61,0x79,0xe0,0x19,0x11,0xa0,0xd1,
  0xcb,0x7b,0x60,0x3f,0xf5,0x4b,0x18,0x70,0x56,0xa4,0xf0,0x17,0xfe,0xc2,0x5f,0xf8,
  0xb,0x7f,0xe1,0x6f,0x2a,0xfe,0x0,0xfd,0xc9,0x4,0x6f,0xac,0xfe,0xa5,0xd7,0x5,
  0x40,0x63,0x4,0xf0,0x74,0x6d,0x42,0x7b,0xc0,0xf0,0xbf,0xf0,0x17,0xfe,0xc2,0x5f,
  0xf8,0xb,0x7f,0xe1,0x6f,0x32,0xfe,0x99,0xcb,0x5f,0x7f,0xd8,0xf3,0xc3,0x0,0x55,
  0x11,0xa0,0xda,0xb3,0x9b,0x6f,0xd9,0x2,0x5b,0xd6,0x8,0x7f,0xe1,0x2f,0xfc,0x85,
  0xbf,0xf0,0x17,0xfe,0xa1,0xc1,0x1f,0xa0,0xfd,0xa5,0x35,0x1c,0x7c,0x63,0x8b,0x97,
  0x5,0x40,0xb5,0xa7,0x23,0x0,0x99,0x4f,0xff,0xc2,0x5f,0xf8,0xb,0x7f,0xe1,0x2f,
  0xfc,0x85,0x7f,0x58,0xf0,0xcf,0xe4,0xf5,0x95,0xf7,0x7a,0x3e,0x2,0xe0,0x69,0x1,
  0x20,0xfc,0x85,0xbf,0xf0,0x17,0xfe,0xc2,0x5f,0xf8,0x87,0xd,0x7f,0x80,0x9d,0xde,
  0x1e,0x6,0xf0,0xf0,0x10,0xc0,0x96,0x35,0xd8,0x2d,0x5b,0x84,0xbf,0xf0,0x17,0xfe,
  0xc2,0x5f,0xf8,0xb,0xff,0xd0,0xe1,0x8f,0xd,0x5d,0x6f,0x6c,0xa1,0xfd,0xc5,0x35,
  0x5e,0x15,0x0,0xde,0x1d,0x2,0x48,0xfd,0xed,0xd7,0xc2,0x5f,0xf8,0xb,0x7f,0xe1,
  0x2f,0xfc,0x85,0x7f,0x28,0xf1,0xcf,0x5c,0xb7,0xeb,0xb1,0xfb,0x3c,0x1d,0x1,0xf0,
  0xe6,0x10,0xc0,0x4b,0xf,0xb,0x7f,0xe1,0x2f,0xfc,0x85,0xbf,0xf0,0x17,0xfe,0xa1,
  0xc5,0x1f,0xa0,0x75,0xdd,0xc3,0x9e,0x16,0x0,0xc5,0x3f,0x4,0xd0,0xd9,0x82,0xfd,
  0xfa,0x7a,0xe1,0x2f,0xfc,0x85,0xbf,0xf0,0x17,0xfe,0xc2,0x3f,0xb4,0xf8,0x3,0x74,
  0xbe,0xb6,0x9e,0xc4,0xbe,0x16,0x2f,0xa,0x0,0x6f,0xe,0x1,0xd8,0x1b,0x57,0xbd,
  0xed,0x59,0x10,0xfe,0xc2,0x5f,0xf8,0xb,0x7f,0xe1,0x2f,0xfc,0xc3,0x86,0x7f,0xe6,
  0x4e,0xb5,0x3d,0xbb,0xca,0xb3,0x11,0x80,0x78,0xf1,0xb,0x80,0x47,0x84,0xbf,0xf0,
  0x17,0xfe,0xc2,0x5f,0xf8,0xb,0xff,0x70,0xe3,0x9f,0xfe,0x3f,0x6d,0xcf,0x79,0x52,
  0x0,0xc4,0x23,0x5e,0xdc,0xaa,0xbd,0x61,0xa5,0xf0,0x17,0xfe,0xc2,0x5f,0xf8,0xb,
  0x7f,0xe1,0x1f,0x7a,0xfc,0x1,0x5a,0xd7,0xad,0xf4,0x82,0x62,0x8a,0x5f,0x0,0x74,
  0xec,0x84,0xdd,0x9b,0x84,0xbf,0xf0,0x17,0xfe,0xc2,0x5f,0xf8,0xb,0xff,0xd0,0xe3,
  0xf,0xd0,0xb5,0x73,0x13,0x3d,0x6d,0x3b,0xcd,0x2f,0x0,0xec,0xd,0x2b,0x85,0xbf,
  0xf0,0x17,0xfe,0xc2,0x5f,0xf8,0xb,0x7f,0xe1,0x3f,0x20,0x6d,0x1e,0x8c,0x2,0x78,
  0x50,0x0,0xac,0x12,0xfe,0xc2,0x5f,0xf8,0xb,0x7f,0xe1,0x2f,0xfc,0x85,0xff,0x80,
  0xb4,0x3e,0x5b,0xfc,0x2,0x20,0x56,0xec,0x1b,0x4c,0x6d,0x58,0x29,0xfc,0x3,0x8e,
  0x7f,0xa4,0x11,0xca,0xcf,0xb4,0xdd,0x29,0x8,0xf,0xe3,0x17,0xed,0xd1,0xba,0xd,
  0xa0,0x6f,0xa7,0xc5,0x81,0xc7,0x85,0xff,0x68,0xe1,0x6f,0x45,0xa0,0xe9,0x43,0x36,
  0x56,0xa9,0x8b,0x1f,0x2a,0xe,0xe3,0xca,0xd1,0xec,0x43,0x85,0xbc,0xe6,0xa,0xfe,
  0x1b,0x29,0xd8,0x71,0xbf,0x45,0x7f,0xb7,0xf0,0x37,0x19,0xff,0x70,0x14,0x0,0x7,
  0xdb,0xa1,0x6d,0x9b,0xf0,0xf,0xf8,0x27,0xff,0x68,0x2d,0x54,0xcc,0xc7,0xc8,0x74,
  0x3f,0x6b,0xd3,0xf9,0xb8,0x25,0xfc,0x47,0xe9,0x93,0x7f,0xc3,0xf9,0xd0,0xb8,0x8,
  0xa5,0xc0,0xbc,0xbe,0x1c,0xe1,0x1f,0x2,0xfc,0x6d,0xa0,0x7b,0xcf,0x36,0xfa,0xe,
  0xb4,0x53,0x52,0x59,0x57,0xb4,0xfe,0x55,0xd4,0x43,0x0,0xf6,0xae,0x8d,0xc2,0x3f,
  0xe0,0xf8,0x9b,0x1e,0x7d,0xf2,0x1f,0x3d,0xfc,0xcb,0x26,0x43,0xd3,0x7,0xc2,0xd0,
  0x8b,0xdc,0x49,0xd7,0x6b,0xb0,0xfd,0x7f,0x2c,0xe1,0x1f,0x2,0xfc,0x33,0x3f,0x1c,
  0xd8,0xb1,0xb1,0xa8,0x7d,0xac,0xb8,0xe7,0x0,0xec,0xde,0x24,0xfc,0x85,0x7f,0xe0,
  0xaa,0x1,0xe1,0x3f,0xf2,0xd7,0x9c,0x15,0x83,0x49,0x57,0xd8,0x58,0x31,0x94,0x2,
  0x92,0xea,0x83,0x97,0x6f,0xb7,0x48,0x25,0x85,0x7f,0x58,0xf0,0x7,0xe8,0xda,0xb1,
  0xc9,0xdc,0x2,0xc0,0xde,0xb5,0x49,0xf8,0xb,0x7f,0xe1,0x1f,0x32,0xfc,0xc1,0x39,
  0xee,0x5f,0x36,0x49,0xb0,0x17,0x9a,0x6d,0xff,0x6d,0x71,0x70,0xa7,0xf0,0xf,0x13,
  0xfe,0x60,0xf8,0x8,0x80,0x9d,0x1e,0x1,0x10,0xfe,0xc2,0x5f,0xf8,0x87,0x7,0xff,
  0xf2,0xa3,0xa0,0xf1,0x3c,0xa1,0x5e,0x68,0x3a,0x9e,0x87,0x37,0xfe,0x24,0xfc,0xc3,
  0x86,0x3f,0xc0,0x81,0x9d,0x6,0x8f,0x0,0xb0,0x6b,0xa3,0xf0,0x17,0xfe,0x41,0xaa,
  0x1,0x84,0xff,0x8,0x5f,0x73,0x56,0x29,0x4c,0xfe,0x94,0xd,0x96,0x60,0x2f,0x24,
  0xc9,0x3,0xb0,0xe5,0x47,0xd6,0xf0,0xde,0x3f,0x84,0xbf,0x11,0xf8,0xdb,0x40,0xd7,
  0x76,0x53,0x47,0x0,0xec,0x14,0xa9,0x3d,0x9b,0x85,0xbf,0x1,0xf8,0x9b,0x5e,0x18,
  0x8,0x7f,0xf7,0x5e,0x73,0xcd,0x7f,0x67,0x13,0x6f,0x12,0xec,0x85,0x66,0xcb,0x4f,
  0x2d,0x12,0x1d,0xc2,0x3f,0x8c,0xf8,0x3,0x1c,0x78,0x7d,0x33,0xb6,0x9d,0x32,0xaf,
  0x0,0xb0,0xf7,0x6e,0x87,0xbe,0x1e,0xe1,0x2f,0xfc,0x8d,0x2a,0xa,0x84,0x7f,0xee,
  0x3e,0x5f,0x79,0xc,0x8c,0x9d,0x8f,0x52,0x60,0xf6,0x3c,0xa,0x7b,0xff,0x2a,0xfc,
  0xc3,0x8a,0x3f,0x40,0x2a,0xd1,0x43,0x4f,0xcb,0x76,0x3,0x47,0x0,0xa,0x9d,0x2,
  0x28,0xfc,0x85,0xbf,0xf0,0xf,0x3c,0xfe,0xd1,0xa,0x98,0x74,0xb9,0xa6,0xfc,0x15,
  0x9a,0x9e,0x3d,0xf0,0xea,0xbd,0x96,0xf0,0xf,0x31,0xfe,0x99,0x1c,0x28,0xe2,0x61,
  0x80,0xa2,0x4d,0xca,0xb1,0xb,0x99,0x2,0x28,0xfc,0x85,0xbf,0xd7,0x6f,0xc4,0xfd,
  0xf0,0xc6,0xc1,0xe1,0xe3,0x5b,0x16,0x85,0xba,0x52,0xe1,0x9f,0xb9,0x68,0xc2,0x62,
  0x9b,0x92,0x3a,0x94,0x42,0xde,0x1b,0x53,0xf0,0xd4,0xf7,0x2c,0xf6,0xb6,0xbb,0xb,
  0x60,0x43,0x19,0x44,0x2c,0xe1,0x1f,0x24,0xfc,0xc1,0x39,0x11,0xb0,0xf1,0x3d,0xef,
  0x35,0xac,0x0,0x38,0xd0,0x2a,0xfc,0x85,0xbf,0xef,0x93,0xe8,0x87,0xd6,0x9e,0x2,
  0xfa,0xf3,0xa0,0x46,0xa9,0x8a,0x3b,0x5,0x80,0xf0,0x87,0x9a,0x39,0x50,0x7b,0xb2,
  0x60,0x2f,0x34,0xcf,0xfe,0xa,0x5e,0x7e,0xbe,0xc0,0xf7,0xd1,0x2,0x9f,0xf7,0x7a,
  0xe1,0x1f,0x48,0xfc,0x6d,0x20,0xb1,0xaf,0xa5,0x68,0x7d,0xaf,0x78,0x87,0x0,0x7a,
  0x3a,0x85,0xbf,0xf0,0x37,0xe3,0x13,0x9b,0x86,0xfd,0x73,0xfe,0x7e,0xac,0x1a,0x26,
  0x7c,0x5c,0xbd,0xa6,0xd0,0xb4,0x6c,0x82,0x67,0xff,0xdb,0x72,0xb5,0xdf,0x95,0x46,
  0x9d,0x4f,0xff,0xc2,0x3f,0x78,0xf8,0x3,0x24,0xbb,0x3b,0xd,0x2c,0x0,0xba,0xf7,
  0xb,0x7f,0x43,0xf0,0xf,0xf5,0xf4,0xc0,0x61,0x3e,0xf8,0xb0,0xed,0xea,0x37,0x71,
  0xa9,0x4d,0xac,0x52,0xb0,0x17,0x92,0x64,0xf,0xac,0xbe,0xd9,0x22,0xd5,0xef,0x1e,
  0xfe,0x96,0x5,0x13,0x2a,0x9c,0x59,0x97,0xc2,0x3f,0x78,0xf8,0x3,0xf4,0x75,0xed,
  0x37,0xaf,0x0,0xb0,0x7b,0x3a,0x85,0xbf,0xf0,0xd7,0x27,0x7f,0x83,0xf1,0xaf,0x3b,
  0x1d,0xaa,0xdf,0x2d,0xd8,0xb,0xcd,0xda,0x9f,0x5a,0xec,0x7f,0xdd,0xdd,0x7e,0xd7,
  0x58,0x6,0xf1,0xa8,0xf0,0xf,0x2a,0xfe,0xe6,0x8e,0x0,0xc,0x2e,0x0,0x84,0x7f,
  0x30,0xf1,0xf,0x69,0x5,0x20,0xfc,0x87,0xfe,0xfd,0x92,0xb1,0x30,0xe1,0x12,0xd,
  0xfd,0x17,0x9a,0xed,0x6b,0x61,0xe3,0x1f,0xdc,0xed,0x77,0x63,0x4a,0xb2,0x9c,0x87,
  0x22,0xfc,0x3,0x85,0xbf,0xb1,0x5,0x80,0xdd,0xb3,0x5f,0xf8,0xb,0x7f,0xe1,0x6f,
  0x20,0xfe,0x58,0x30,0xf9,0x93,0x36,0x91,0x72,0xc1,0x5e,0x48,0xba,0x3b,0xe0,0xcf,
  0xb7,0x5a,0xae,0xf6,0xbb,0x68,0x4,0x9a,0xcb,0x85,0x7f,0xd0,0xf1,0x7,0x43,0xf,
  0x1,0xbc,0x39,0x2,0x20,0xfc,0x85,0xbf,0xf0,0x37,0x7,0x7f,0xa0,0xe1,0x6c,0x18,
  0x73,0xb4,0x60,0x2f,0x34,0x8f,0xdf,0x6a,0xd1,0xb3,0xcf,0xdd,0x7e,0xd7,0x5c,0xee,
  0x14,0x1,0xc2,0x3f,0xd8,0xf8,0xdb,0x36,0x24,0xf,0x9a,0x7a,0x8,0x40,0xf8,0xb,
  0x7f,0xe1,0x6f,0x14,0xfe,0xa5,0xe3,0xa1,0xf9,0x22,0xd,0xfd,0x17,0x9a,0xd,0xff,
  0x7,0xdb,0x9f,0x72,0xb7,0xdf,0xd5,0xc4,0x9d,0xe1,0x7f,0xe1,0x1f,0x7c,0xfc,0xc1,
  0xd4,0x43,0x0,0xb9,0x66,0x1,0x8,0xff,0xc0,0xe1,0x1f,0x86,0xb7,0x7b,0xe1,0x9f,
  0xff,0xf7,0xad,0x88,0xb3,0xd1,0x8f,0x55,0x22,0xd8,0xb,0xc9,0xbe,0x9d,0xf0,0xd4,
  0x1d,0x96,0xab,0xfd,0xae,0x24,0x2,0x8d,0xe5,0xc2,0xdf,0x14,0xfc,0x1,0x92,0x7,
  0xc3,0x32,0xb,0x40,0xf8,0xb,0x7f,0xe1,0x1f,0x48,0xfc,0x1,0x1a,0x17,0x41,0xf9,
  0x91,0x82,0xbd,0x90,0xa4,0x92,0xce,0x94,0xbf,0x64,0xaf,0x7b,0xcf,0x3b,0x16,0x34,
  0x8f,0x79,0x6b,0xc1,0x1f,0xe1,0x1f,0x7c,0xfc,0x9d,0x2,0xc0,0xc4,0x43,0x0,0xc9,
  0x84,0xf0,0x17,0xfe,0xc1,0x2d,0xa,0x84,0xff,0xdb,0x52,0x3e,0x15,0x9a,0xde,0xaf,
  0xa1,0xff,0x42,0xb3,0xee,0x17,0x16,0xad,0x9b,0x5d,0xc4,0x1f,0xa8,0x2f,0x85,0xf2,
  0xa8,0xf0,0x37,0x9,0x7f,0xa7,0x58,0x4c,0x18,0x58,0x0,0x8,0x7f,0xe1,0x2f,0xfc,
  0x8d,0xc0,0xdf,0x8a,0xc1,0xe4,0x2b,0x6c,0xac,0xa8,0x60,0x2f,0x24,0x7b,0x5e,0x82,
  0xe7,0x7e,0xed,0x2e,0xfe,0xa5,0x31,0x18,0x5b,0x26,0xfc,0x4d,0xc3,0xbf,0xd8,0xf1,
  0xac,0x0,0x10,0xfe,0xc2,0x5f,0xf8,0x7,0xf,0x7f,0x80,0xe6,0x8f,0xd8,0x94,0x4e,
  0x10,0xec,0x85,0xa4,0xaf,0xdb,0x19,0xfa,0xcf,0xb5,0xc5,0xfb,0xe1,0xe0,0x6f,0x59,
  0x30,0x3e,0xbd,0xda,0x9f,0xf0,0x37,0xf,0xff,0x62,0xbe,0xdf,0x7a,0x52,0x0,0x8,
  0x7f,0xe1,0x6f,0x14,0xfe,0x23,0xfd,0x3f,0x1,0xc2,0x7f,0xcc,0xc,0x68,0x78,0x2f,
  0x4a,0x81,0x79,0xe2,0xbf,0x2c,0x3a,0x77,0xbb,0x87,0xbf,0x8d,0x73,0xd2,0x5f,0x3c,
  0x22,0xfc,0x85,0x7f,0x0,0xb,0x0,0xe1,0x2f,0xfc,0x85,0x7f,0x30,0xf1,0x8f,0x94,
  0xc2,0xa4,0x4f,0xd9,0xe9,0x8f,0x9e,0x4a,0xbe,0xbc,0xfa,0x38,0xbc,0xfc,0xb0,0xbb,
  0xf8,0x57,0x96,0x40,0x6d,0x5c,0xf8,0xb,0xff,0x0,0x16,0x0,0xc2,0x3f,0xf8,0xf8,
  0x87,0x62,0x16,0x80,0xf0,0xcf,0x9a,0xf1,0x97,0xd8,0xc4,0x1b,0x4,0x7b,0x21,0x39,
  0xb8,0x17,0xd6,0xfc,0xc0,0x72,0x15,0xff,0x58,0x4,0x9a,0x2b,0x84,0xbf,0xf0,0xf,
  0x60,0x1,0x20,0xfc,0x85,0xbf,0x89,0x45,0x41,0x58,0xf0,0xaf,0x9c,0xd,0xf5,0x67,
  0xa,0xf6,0x42,0x3b,0xcb,0x63,0xff,0x61,0xd1,0xdb,0xe9,0x1e,0xfe,0x90,0x5e,0xed,
  0x6f,0x44,0x0,0x9,0x7f,0xe1,0xef,0xe1,0x8,0x80,0xf0,0x17,0xfe,0xc2,0x3f,0x78,
  0xf8,0x47,0xc6,0xc0,0xa4,0x4f,0x68,0xca,0x5f,0xa1,0x79,0xe1,0xf7,0xf0,0xfa,0x3a,
  0x77,0xf1,0xaf,0x2d,0x85,0x31,0x31,0xe1,0x2f,0xfc,0xd,0x29,0x0,0x84,0x7f,0x80,
  0xf1,0xf,0x91,0x5,0x61,0xc7,0xdf,0x6,0x26,0x2e,0xb1,0x29,0xa9,0x11,0xec,0x85,
  0xa4,0xfd,0x35,0xf8,0xdb,0x3d,0x96,0xab,0xf8,0xc7,0xa3,0xd0,0x58,0x2a,0xfc,0xc3,
  0x82,0x7f,0x38,0x66,0x1,0x8,0x7f,0xe1,0x2f,0xfc,0x7d,0x8f,0x7f,0xed,0x49,0x50,
  0x3b,0x57,0xb0,0x17,0x92,0xcc,0x6a,0x7f,0xfd,0x9,0xf7,0xf0,0xb7,0x2c,0x18,0x5f,
  0xfe,0xd6,0x6a,0x7f,0xc2,0x5f,0xf8,0x7,0xba,0x0,0x10,0xfe,0xc2,0x5f,0xf8,0x7,
  0x3,0xff,0x92,0x1a,0x98,0xb8,0x58,0x43,0xff,0x85,0xe6,0x6f,0xf7,0x58,0xec,0xdd,
  0xea,0x1e,0xfe,0x0,0x63,0x4b,0xa1,0x2c,0x2a,0xfc,0x43,0x85,0x7f,0x11,0x5f,0x72,
  0xc5,0x9f,0x5,0x20,0xfc,0x3,0x8f,0xbf,0xe9,0x24,0x8,0x7f,0x27,0x93,0x2e,0xb7,
  0x89,0x8e,0x11,0xec,0x85,0xe4,0x8d,0xe7,0x60,0xfd,0x6f,0xdd,0xc5,0xbf,0x3c,0xea,
  0x14,0x0,0xc2,0x5f,0xf8,0x7,0xbe,0x0,0x10,0xfe,0xc2,0xdf,0x54,0xfc,0x31,0x10,
  0xff,0xfa,0x33,0xa1,0xea,0x58,0xc1,0x5e,0x48,0x12,0x5d,0xce,0x59,0xff,0x6f,0x7b,
  0x9d,0x8c,0x10,0xff,0x8,0xce,0x6a,0x7f,0xc2,0x5f,0xf8,0x9b,0x31,0x2,0x20,0xfc,
  0x85,0xbf,0xa1,0x85,0x81,0x69,0xf8,0xc7,0x1b,0x61,0xc2,0x25,0x1a,0xfa,0x2f,0x34,
  0x6b,0x6e,0xb3,0xe8,0x6a,0x75,0xf,0x7f,0x80,0x71,0xe5,0xce,0x56,0xbf,0xc2,0x5f,
  0xf8,0x9b,0x51,0x0,0x8,0x7f,0xe1,0x2f,0xfc,0x7d,0x8f,0x3f,0x16,0x4c,0xfe,0xa4,
  0x4d,0xa4,0x54,0xb0,0x17,0x92,0x2d,0x8f,0xc0,0xd6,0xd5,0xee,0xe2,0x5f,0x55,0x2,
  0xd5,0x71,0xe1,0x1f,0x56,0xfc,0xc3,0xbd,0x17,0x80,0xf0,0x17,0xfe,0xc2,0xdf,0x1b,
  0xfc,0x81,0xc6,0x73,0x9d,0xf5,0xfe,0x95,0xfc,0xe9,0x6a,0x81,0x27,0x7e,0x68,0xb9,
  0x8a,0x7f,0xcc,0x72,0x3e,0xfd,0xb,0x7f,0xe1,0x6f,0x64,0x1,0x20,0xfc,0x85,0xbf,
  0xf0,0xf7,0x27,0xfe,0x65,0x13,0xa1,0xf9,0xc3,0x1a,0xfa,0x2f,0xf4,0x79,0x5e,0xfd,
  0x5d,0x8b,0x44,0x97,0x7b,0xf8,0x83,0x73,0xdc,0x3f,0x62,0x9,0x7f,0xe1,0x6f,0x60,
  0x1,0x20,0xfc,0xcd,0xc0,0x3f,0xcc,0xfb,0x1,0x98,0x8a,0xbf,0x15,0x85,0xc9,0x9f,
  0xb2,0xb1,0x62,0xc2,0xbd,0x90,0xac,0xff,0xd,0xec,0x5a,0xef,0x2e,0xfe,0x75,0x71,
  0x28,0x8f,0x9,0x7f,0xe1,0x6f,0x60,0x1,0x20,0xfc,0x85,0xbf,0xf0,0xf7,0x27,0xfe,
  0x0,0x4d,0xef,0xb7,0x29,0x9f,0x2a,0xd8,0xb,0xc9,0xde,0x57,0xe0,0xe9,0x7b,0x2d,
  0x57,0xf1,0x2f,0x8d,0x40,0x43,0xb9,0xf0,0x17,0xfe,0x6,0x8f,0x0,0x8,0x7f,0xe1,
  0x6f,0x64,0xc1,0x10,0x70,0xfc,0x2b,0x8e,0x80,0xa6,0x45,0x7a,0x1e,0xb,0x49,0x7f,
  0x2,0x1e,0xbd,0xc9,0x22,0x95,0x74,0xf,0x7f,0xb,0x67,0x97,0x3f,0x4b,0xf8,0xb,
  0xff,0xb0,0x14,0x0,0xc2,0x5f,0xf8,0xb,0x7f,0xef,0xf1,0x8f,0x94,0xc0,0xe4,0x2b,
  0x6c,0xac,0x88,0x9e,0xcb,0x42,0xf2,0xd4,0x5d,0x16,0x1d,0xdb,0xdd,0xc3,0x1f,0x60,
  0x6c,0x19,0x94,0x46,0x85,0xbf,0xf0,0xf,0x49,0x1,0x20,0xfc,0x85,0xbf,0xf0,0xf7,
  0x1e,0x7f,0x6c,0x68,0xbe,0xc8,0xa6,0x74,0xbc,0x9e,0xcb,0x42,0xb2,0xf3,0x69,0x78,
  0x69,0xb9,0xbb,0xf8,0x97,0xc7,0xa0,0xbe,0x54,0xf8,0xb,0x7f,0x6f,0xde,0x6f,0xfd,
  0x31,0xb,0x40,0xf8,0xb,0x7f,0xe1,0x5f,0x74,0xfc,0x2b,0xdf,0x9,0xd,0x67,0xeb,
  0xb9,0x2c,0x24,0xbd,0x9d,0xf0,0xe7,0x5b,0x2c,0xec,0x94,0x7b,0xf8,0x47,0xd2,0x1b,
  0xfd,0x8,0x7f,0xe1,0xef,0xd5,0xfb,0xad,0xf7,0xb3,0x0,0x84,0x7f,0xe0,0xf0,0xf,
  0x7b,0x51,0x60,0x2,0xfe,0xd1,0x72,0x98,0xf4,0x49,0x3b,0xfb,0x81,0x67,0xe5,0x90,
  0x3c,0xfe,0x7d,0x8b,0xae,0x36,0xf7,0xf0,0xb7,0x71,0xe6,0xfb,0xc7,0x22,0xc2,0x5f,
  0xf8,0x7b,0xf7,0xbe,0xea,0xed,0x2c,0x0,0xe1,0x1f,0x4c,0xfc,0x43,0x5c,0x1,0x98,
  0x80,0x3f,0xc0,0xf8,0x8f,0xd9,0xc4,0xc7,0xa,0xf6,0x42,0xb2,0xf9,0x4f,0xf0,0xea,
  0x1a,0x77,0xf1,0xaf,0x2e,0x71,0x56,0xfc,0x13,0xfe,0xc2,0xdf,0xcb,0xb7,0x54,0xef,
  0x4e,0xfd,0x11,0xfe,0xc2,0x5f,0xf8,0x7b,0x82,0x7f,0xd5,0xf1,0x50,0x7f,0x9a,0x60,
  0x2f,0x24,0x9d,0xbb,0xe0,0x89,0xff,0xb2,0x5c,0xc5,0xbf,0x24,0xbd,0xda,0x9f,0xf0,
  0x17,0xfe,0x5e,0xbf,0xa5,0x7a,0x53,0x0,0x8,0x7f,0xe1,0x2f,0xfc,0x3d,0xc1,0x3f,
  0x5a,0x9,0x93,0x97,0xea,0xcc,0x8e,0x82,0x9e,0xf3,0x94,0x33,0xe5,0xaf,0xaf,0xc7,
  0x3d,0xfc,0x33,0x53,0xfe,0x6,0xae,0xf6,0x27,0xfc,0x85,0xbf,0x57,0x15,0x41,0xf1,
  0xb,0x0,0xe1,0x2f,0xfc,0x85,0xbf,0x27,0xf8,0xdb,0xc0,0xa4,0xcb,0x6c,0x62,0xd5,
  0xc2,0xbd,0x90,0x3c,0xfb,0x2b,0xd8,0xb3,0xc1,0x3d,0xfc,0x1,0xea,0x4a,0xa1,0x22,
  0x26,0xfc,0x85,0x7f,0x6e,0xfc,0xcd,0x9d,0x5,0x20,0xfc,0x85,0xbf,0xf0,0xf7,0xc,
  0xff,0xba,0x53,0xa0,0x66,0x8e,0x60,0x2f,0x24,0x2d,0x9b,0x60,0xdd,0x2f,0x2c,0x57,
  0xf1,0x2f,0x8b,0x40,0x43,0x99,0xf0,0x17,0xfe,0xfe,0xc0,0xbf,0xb8,0x5,0x80,0xf0,
  0x17,0xfe,0xc2,0xdf,0x33,0xfc,0x4b,0xea,0x60,0xe2,0x62,0xd,0xfd,0x17,0x92,0x64,
  0x4f,0x7a,0xb5,0xbf,0x7e,0xf7,0xf0,0x8f,0xe0,0x6c,0xf4,0x63,0x9,0x7f,0xe1,0xef,
  0x13,0xfc,0x8b,0x3e,0x2,0x20,0xfc,0x83,0x8f,0x7f,0x58,0x8,0x31,0x9,0x7f,0x80,
  0xc9,0x97,0xdb,0x44,0x2b,0x84,0x7b,0x21,0x79,0xf2,0x27,0x16,0xfb,0x5f,0x77,0xf,
  0x7f,0x80,0xc6,0x32,0x88,0x47,0x85,0xbf,0xf0,0xf7,0xf,0xfe,0x45,0x2d,0x0,0x84,
  0xbf,0xf0,0x17,0xfe,0xde,0xe0,0xdf,0xb0,0x0,0xaa,0x66,0x9,0xf6,0x42,0xb2,0x6d,
  0x2d,0x6c,0xfc,0x83,0xbb,0xf8,0x8f,0x89,0x41,0x6d,0xa9,0xf0,0x17,0xfe,0xfe,0xc2,
  0xbf,0xe8,0x23,0x0,0xc2,0x5f,0xf8,0xfb,0x5f,0x7f,0xb3,0xf0,0x2f,0x6d,0x82,0xf1,
  0x7f,0xa7,0xa1,0xff,0x42,0xd2,0xdd,0xe1,0xac,0xf6,0xe7,0x26,0xfe,0x51,0xb,0x9a,
  0xcb,0x85,0xbf,0xf0,0xf7,0x1f,0xfe,0x9e,0x16,0x0,0xc2,0x5f,0xf8,0x7,0xbc,0x26,
  0xf0,0x3d,0xfe,0x56,0xc4,0xd9,0xe8,0x27,0x52,0x2a,0xdc,0xb,0xc9,0x9f,0x6f,0xb1,
  0xe8,0xd9,0xe7,0x1e,0xfe,0xe0,0xe0,0x1f,0x8b,0x8,0x7f,0xe1,0xef,0xce,0x63,0x37,
  0xa2,0x0,0x10,0xfe,0xc2,0x5f,0xf8,0x8f,0x2e,0xfe,0x0,0x8d,0xe7,0xc1,0x98,0xa3,
  0x4,0x7b,0x21,0xd9,0xf0,0x7f,0xb0,0xfd,0x29,0x77,0xf1,0xaf,0x89,0x43,0x65,0x89,
  0xf0,0x17,0xfe,0xfe,0xc4,0xdf,0x93,0x2,0x40,0xf8,0xb,0x7f,0xe1,0x3f,0xfa,0xf8,
  0x97,0x4d,0x86,0xe6,0xf,0x69,0xe8,0xbf,0x90,0xec,0xdb,0x1,0x6b,0x7f,0x6a,0xb9,
  0x8a,0x7f,0x3c,0x2,0x4d,0x65,0xc2,0x5f,0xf8,0xfb,0x17,0xff,0xa2,0x17,0x0,0xc2,
  0xdf,0xc,0xfc,0xc3,0xc0,0x4a,0x90,0xf1,0xb7,0x62,0x30,0xe5,0xa,0x1b,0x2b,0x26,
  0xdc,0xf3,0x25,0x95,0x84,0x47,0x6f,0xb6,0x48,0xf6,0xba,0x87,0x7f,0x66,0xb5,0x3f,
  0xcb,0x12,0xfe,0xc2,0xdf,0xbf,0xf8,0x17,0xb5,0x0,0x10,0xfe,0xc2,0xdf,0x64,0xfc,
  0xf1,0xa2,0xed,0x73,0xf4,0xbb,0xe6,0xf,0xd9,0x94,0x4f,0x16,0xee,0x85,0xe4,0x99,
  0x5f,0x58,0xb4,0x6e,0x76,0xf,0x7f,0x80,0xfa,0x52,0x28,0x8b,0xa,0x7f,0xe1,0xef,
  0x6f,0xfc,0x8b,0x3e,0x2,0x20,0xfc,0x85,0xbf,0x3e,0xf9,0x8f,0x2e,0xfe,0x63,0x8e,
  0x72,0x8e,0xfd,0x2b,0xf9,0xb3,0xfb,0x45,0x78,0xee,0x3e,0x77,0xf1,0x2f,0x8f,0x42,
  0x7d,0x99,0xf0,0x17,0xfe,0xfe,0xc7,0xdf,0xd3,0x2,0x40,0xf8,0xb,0xff,0x40,0x16,
  0x5,0x3e,0xc6,0x3f,0x12,0x87,0xc9,0x9f,0xb2,0xb1,0x22,0x28,0x79,0xd2,0xd7,0xd,
  0xab,0x6f,0xb6,0xb0,0x53,0xee,0xe1,0x1f,0x1,0xc6,0xd,0x58,0xed,0x4f,0xf8,0xb,
  0xff,0xc3,0x79,0xec,0xe1,0x99,0x5,0x20,0xfc,0x83,0x89,0x7f,0x88,0xaa,0x81,0xa0,
  0xe0,0xf,0xce,0x7c,0xff,0xd2,0x71,0xc2,0xbd,0x90,0x3c,0xf1,0x43,0x8b,0xce,0xdd,
  0xee,0xe1,0xf,0xd0,0x58,0xee,0x9c,0xfc,0x27,0xfc,0x85,0x7f,0x10,0xf0,0xf7,0xa4,
  0x0,0x10,0xfe,0xc2,0x5f,0xf8,0xbb,0x8f,0x7f,0xd5,0xbb,0x9c,0x15,0xff,0x94,0xfc,
  0x79,0xf5,0x71,0xd8,0xfc,0xb0,0xbb,0xf8,0x8f,0x89,0x39,0xd3,0xfe,0x84,0xbf,0xf0,
  0xf,0xa,0xfe,0x45,0x2f,0x0,0x84,0xbf,0x19,0xf8,0x87,0xee,0x5c,0x0,0x9f,0xe3,
  0x1f,0xad,0x70,0x86,0xfe,0xb1,0x84,0x7b,0xbe,0x1c,0xdc,0xb,0x8f,0xff,0xa7,0xe5,
  0x2a,0xfe,0x51,0xcb,0x39,0xeb,0x5f,0xf8,0xb,0xff,0x20,0xe1,0x5f,0xd4,0x2,0x40,
  0xf8,0xb,0x7f,0xe1,0x3f,0x3a,0x6d,0x3f,0xe1,0x52,0x9b,0x92,0x3a,0xe1,0x5e,0xc8,
  0x13,0xfb,0xd8,0x7f,0x58,0xf4,0x74,0xba,0x87,0x3f,0x38,0xab,0xfd,0x45,0x2d,0xe1,
  0x2f,0xfc,0x5d,0xc2,0xbf,0x88,0x6f,0xb2,0x91,0x62,0xbf,0x0,0x85,0xbf,0xf0,0xf,
  0x66,0x25,0x30,0xfc,0xc7,0x5f,0x8c,0xb6,0xaf,0x7e,0xf,0xd4,0xcf,0x93,0xed,0x85,
  0xe4,0x85,0xff,0x85,0x1d,0xcf,0xb8,0x8b,0x7f,0x4d,0x1c,0xc6,0x94,0x8,0x7f,0xe1,
  0x1f,0x3c,0xfc,0x8b,0x5b,0x0,0x8,0x7f,0xe1,0x2f,0xfc,0x5d,0x6d,0xfb,0x68,0x35,
  0x4c,0xbe,0x4c,0xab,0xfd,0x15,0x92,0xf6,0x6d,0xf0,0xd4,0x5d,0x96,0xab,0xf8,0x97,
  0x44,0x9c,0x6d,0x7e,0x85,0xbf,0xf0,0xf,0x22,0xfe,0xc5,0x1f,0x1,0x10,0xfe,0xc2,
  0x5f,0xf8,0xbb,0xd6,0xef,0x27,0x2f,0xb5,0x89,0x55,0x9,0xf7,0x7c,0x49,0x25,0xe1,
  0x91,0x1b,0x2d,0xfa,0x13,0xee,0xe1,0xf,0x30,0xbe,0x2,0x22,0x96,0xf0,0x17,0xfe,
  0xee,0xe2,0xaf,0xcd,0x80,0x84,0xbf,0xf0,0xf7,0x67,0x2d,0xe0,0x1b,0xfc,0xeb,0x4f,
  0x83,0x9a,0xe3,0x85,0x7b,0x21,0xf9,0xeb,0x3d,0x16,0x7b,0xb7,0xba,0x8b,0xff,0xd8,
  0xb2,0xb7,0xaf,0xf6,0x27,0xfc,0x85,0x7f,0xd0,0xf0,0xf7,0xa4,0x0,0x10,0xfe,0xc1,
  0xc7,0x3f,0x2c,0x45,0x81,0x5f,0xf1,0x8f,0x8f,0x85,0x89,0x1f,0xd3,0xd0,0x7f,0x21,
  0x79,0xe3,0x39,0x78,0xfe,0x7e,0x77,0xf1,0x2f,0x8b,0xc2,0xd8,0x52,0xe1,0x2f,0xfc,
  0x83,0x8d,0x7f,0xd1,0xb,0x0,0xe1,0x2f,0xfc,0x85,0xff,0x8,0xdb,0xde,0x82,0x29,
  0x9f,0xb4,0x89,0x96,0xb,0xf7,0x7c,0x49,0x74,0xc1,0xa3,0xdf,0xb5,0x46,0xf6,0x7a,
  0xcc,0xf2,0x86,0x39,0xbe,0x42,0xf8,0xb,0xff,0xe0,0xe3,0x5f,0xd4,0x2,0x40,0xf8,
  0xb,0x7f,0xe1,0x3f,0xf2,0xb6,0x6f,0x3c,0x1b,0x2a,0xdf,0x29,0xdc,0xb,0xc9,0xe3,
  0x3f,0xb0,0xe8,0x6a,0x75,0xf,0x7f,0x80,0xa6,0x72,0xe7,0xe4,0x3f,0xe1,0x2f,0xfc,
  0x83,0x8e,0x7f,0xd1,0x47,0x0,0x84,0xbf,0xf0,0x37,0xb2,0x58,0x28,0x52,0xdb,0x97,
  0x36,0xc3,0xf8,0x8b,0xf4,0x4c,0x14,0x92,0x2d,0x8f,0xc0,0x2b,0xab,0xdd,0xc5,0xbf,
  0xb2,0x4,0xaa,0xe3,0xc2,0x5f,0xf8,0x9b,0x81,0xbf,0xa7,0x5,0x80,0xf0,0x17,0xfe,
  0xc2,0xbf,0xf0,0xb6,0xb7,0x22,0x30,0xf5,0xa,0x9b,0x48,0x5c,0xed,0x9e,0x2f,0x7,
  0x5a,0x60,0xcd,0xed,0x96,0xab,0xf8,0xc7,0x2c,0x18,0x57,0x2e,0xfc,0x85,0xbf,0x87,
  0x6d,0x6f,0x4a,0x1,0x20,0xfc,0x85,0xbf,0xf0,0x1f,0x5e,0xdb,0x37,0x5d,0x0,0x15,
  0xef,0x50,0xbb,0xe7,0x7d,0x5e,0x6c,0x78,0xf4,0x66,0x8b,0x44,0x97,0x7b,0xf8,0x83,
  0xb3,0xd4,0x6f,0xd4,0x12,0xfe,0xc2,0xdf,0x1c,0xfc,0x3d,0x29,0x0,0x84,0xbf,0xf0,
  0x17,0xfe,0xc3,0x6b,0xfb,0xf2,0xa9,0xd0,0xfc,0x41,0x3d,0x1b,0x85,0xe4,0xf9,0xdf,
  0xc0,0xae,0xf5,0xee,0xe2,0x5f,0x1b,0x87,0x8a,0x98,0xf0,0x17,0xfe,0x66,0xe1,0x5f,
  0xf4,0x2,0x40,0xf8,0xb,0x7f,0xe1,0x3f,0xbc,0xb6,0xb7,0x62,0xce,0xd0,0xbf,0x15,
  0x55,0xdb,0xe7,0x4b,0xdb,0x2b,0xf0,0xb7,0x65,0x96,0xab,0xf8,0xc7,0x23,0xce,0x36,
  0xbf,0xc2,0x5f,0xf8,0x9b,0x86,0x7f,0x51,0xb,0x0,0xe1,0x6f,0x6,0xfe,0x76,0x88,
  0x2b,0x3,0x2f,0xda,0x7e,0xfc,0x87,0x6d,0xca,0x26,0xa,0xf7,0x7c,0xe9,0x4f,0xc0,
  0x23,0x37,0x59,0xa4,0x92,0xee,0xbd,0xd9,0x5a,0xa4,0xa7,0xfc,0x9,0x7f,0xe1,0x6f,
  0x20,0xfe,0x45,0x1f,0x1,0x10,0xfe,0xc2,0x5f,0xf8,0x17,0xde,0xf6,0x63,0xa6,0x43,
  0xd3,0xfb,0x84,0x7b,0x21,0x59,0x7b,0xa7,0x45,0xc7,0x36,0x77,0xdf,0x6c,0x1b,0xca,
  0x20,0x1e,0x11,0xfe,0xc2,0xdf,0x4c,0xfc,0xbd,0x29,0x0,0x84,0xbf,0xf0,0x17,0xfe,
  0x79,0x7f,0x3f,0x52,0xea,0xc,0xfd,0x63,0x9,0xf7,0x7c,0xd9,0xf1,0x34,0xbc,0xb8,
  0xdc,0xdd,0x37,0xdb,0xf2,0x18,0xd4,0xc6,0x85,0xbf,0xf0,0xf7,0xe0,0xbd,0xde,0xf4,
  0xed,0x80,0x85,0xbf,0xf0,0x17,0xfe,0x43,0xff,0xad,0x89,0x97,0xd8,0xc4,0x1b,0x85,
  0x7b,0xbe,0xf4,0x76,0xc2,0x63,0xdf,0xb3,0x5c,0x3d,0xa7,0x25,0x62,0x41,0x73,0x99,
  0xf0,0x17,0xfe,0x66,0xe3,0x5f,0xdc,0x2,0x40,0xf8,0xb,0x7f,0xe1,0x5f,0xd0,0xdf,
  0xaa,0x3e,0x16,0xc6,0x9e,0x25,0xdc,0xb,0xc9,0x9f,0xbf,0x6f,0x71,0x70,0xaf,0x7b,
  0xf8,0x3,0x34,0x95,0xd9,0xc4,0x22,0xc2,0x5f,0xf8,0x9b,0x8d,0x7f,0xd1,0x47,0x0,
  0x84,0xbf,0x19,0xf8,0x87,0xa1,0x26,0xf0,0xaa,0xed,0xa3,0x63,0x60,0xf2,0xe5,0x9a,
  0x83,0x51,0x48,0x36,0x3d,0x4,0xaf,0xae,0x71,0x17,0xff,0xca,0x98,0x4d,0x55,0x89,
  0xf0,0x17,0xfe,0xe6,0xe3,0x5f,0xd4,0x2,0x40,0xf8,0xb,0x7f,0xe1,0x9f,0xff,0x6f,
  0x4d,0x5a,0x62,0x53,0x52,0x2b,0xdc,0xf3,0xa5,0x73,0x17,0x3c,0xf1,0x43,0xcb,0x55,
  0xfc,0xa3,0x96,0xfd,0xe6,0x6a,0x7f,0xc2,0x5f,0xf8,0x9b,0x8e,0x7f,0xd1,0x47,0x0,
  0x84,0xbf,0xf0,0x17,0xfe,0xb9,0x2f,0xaf,0x9d,0xb,0x75,0x27,0x9,0xf7,0xbc,0xcf,
  0x51,0xca,0x99,0xf2,0xd7,0xd7,0xe3,0x1e,0xfe,0xb6,0x6d,0x33,0xbe,0xdc,0x39,0xfe,
  0x2f,0xfc,0x85,0x7f,0x18,0xf0,0xf7,0xb4,0x0,0x10,0xfe,0xc2,0x3f,0x50,0x45,0xc1,
  0x28,0xb7,0x7d,0x49,0x8d,0xf3,0xe9,0x5f,0xc9,0x9f,0x75,0xbf,0x82,0x3d,0x1b,0xdc,
  0xc5,0xbf,0xae,0xd4,0x39,0xf3,0x5f,0xf8,0xb,0xff,0xb0,0xe0,0xef,0x59,0x1,0x20,
  0xfc,0x85,0xbf,0xf0,0x7f,0x7b,0x26,0x7f,0xc2,0x26,0x56,0x29,0xdc,0xf3,0xa5,0x65,
  0x13,0xac,0xfb,0x85,0xe5,0x2a,0xfe,0xa5,0x51,0x67,0xce,0xbf,0xf0,0x17,0xfe,0x7e,
  0xc0,0xdf,0xe8,0xcd,0x80,0x84,0xbf,0xf0,0x37,0x12,0x7f,0xe,0xbf,0xed,0xeb,0xcf,
  0x80,0xea,0xe3,0x84,0x7b,0xbe,0x24,0x7b,0x9c,0xa1,0xff,0xfe,0x7e,0xf7,0xf0,0xb7,
  0x80,0xf1,0xe5,0x87,0x2e,0xb7,0x20,0xfc,0x85,0xbf,0xe9,0xf8,0x17,0xbd,0x0,0x10,
  0xfe,0x66,0xe0,0x1f,0x9a,0x73,0x1,0x8a,0xd0,0xf6,0x25,0x63,0x61,0xd2,0xdf,0x6b,
  0xe8,0xbf,0x90,0x3c,0xf9,0x13,0x8b,0x7d,0xaf,0xbb,0x87,0x3f,0x38,0xeb,0xfc,0xc7,
  0xa3,0xc2,0x5f,0xf8,0x87,0xf,0xff,0xa2,0x16,0x0,0xc2,0x5f,0xf8,0xb,0xff,0x43,
  0xaf,0x9b,0xfa,0x29,0x9b,0x48,0x99,0x70,0xcf,0x97,0x6d,0x6b,0xe1,0xa5,0x3f,0xb8,
  0x8b,0x7f,0x45,0xcc,0xd9,0xe9,0x4f,0xf8,0xb,0xff,0x30,0xe2,0x5f,0xf4,0x11,0x0,
  0xe1,0x2f,0xfc,0x8d,0x2a,0xc,0x46,0xd8,0xf6,0x4d,0xe7,0x42,0xe5,0xd1,0xc2,0x3d,
  0x5f,0xba,0x3b,0x60,0xf5,0x2d,0x96,0xab,0xf8,0x47,0x2d,0x68,0xae,0x10,0xfe,0xc2,
  0x3f,0xbc,0xf8,0x7b,0x5e,0x0,0x8,0x7f,0xe1,0x1f,0x56,0xfc,0xcb,0x26,0xc0,0xf8,
  0x8f,0x68,0xe8,0xbf,0x90,0xac,0xbe,0xc5,0xa2,0x67,0x9f,0x7b,0xf8,0x3,0x8c,0x2b,
  0x87,0x98,0x25,0xfc,0x85,0x7f,0x78,0xf1,0xf7,0xb4,0x0,0x10,0xfe,0x1,0xc6,0x3f,
  0x64,0x6e,0xb9,0xdd,0xf6,0x56,0x14,0xa6,0x7e,0xda,0x26,0x52,0x22,0xdc,0xf3,0xe5,
  0xa5,0x15,0xb0,0xfd,0x29,0x77,0xf1,0xaf,0x8e,0x43,0x65,0x89,0xf0,0x17,0xfe,0xfe,
  0xc4,0xdf,0xe8,0x59,0x0,0xc2,0x5f,0xf8,0x87,0x19,0x7f,0x80,0xe6,0xf7,0xdb,0x54,
  0x1c,0x21,0xdc,0xf3,0x65,0xdf,0xe,0xe7,0xc4,0x3f,0x37,0xf1,0x2f,0x89,0x40,0x53,
  0x99,0xf0,0x17,0xfe,0xc2,0xdf,0x93,0x2,0x40,0xf8,0xb,0xff,0x30,0xe3,0x5f,0x71,
  0x24,0x8c,0x7b,0xbf,0x70,0xcf,0x97,0x54,0x12,0x56,0xdd,0x6c,0x91,0xec,0x75,0xf,
  0x7f,0x70,0x8e,0xfb,0x67,0x56,0xfb,0x13,0xfe,0xc2,0x3f,0xcc,0xf8,0x17,0xbd,0x0,
  0x10,0xfe,0x66,0xe0,0x1f,0xca,0x99,0x0,0x2e,0xb4,0x7d,0xa4,0x4,0xa6,0x5e,0x61,
  0x63,0x45,0xef,0xd1,0xa6,0xa3,0x0,0x0,0x20,0x0,0x49,0x44,0x41,0x54,0x5,0x7c,
  0xbe,0x3c,0xfd,0xb,0x8b,0xd6,0xcd,0xee,0xe2,0x3f,0xb6,0x14,0xca,0xa3,0xc2,0x5f,
  0xf8,0xfb,0x1c,0xff,0x22,0xbe,0xc1,0x16,0x77,0x1a,0xa0,0xf0,0x17,0xfe,0x6,0xe2,
  0x4f,0x81,0x6d,0x3f,0xfe,0x22,0x9b,0xb2,0x9,0xc2,0x3d,0x5f,0x76,0xbf,0x8,0xcf,
  0xde,0xe7,0x2e,0xfe,0x65,0x51,0xa8,0x2f,0x13,0xfe,0xc2,0x5f,0xf8,0x7b,0x33,0x2,
  0x20,0xfc,0x85,0x7f,0x80,0xab,0x81,0x91,0xe2,0x5f,0x79,0x34,0x34,0xbd,0x57,0xb8,
  0xe7,0x4b,0x5f,0x37,0x3c,0x72,0xb3,0x85,0x9d,0x72,0xf,0x7f,0xb,0x67,0xe8,0xdf,
  0x12,0xfe,0xc2,0x5f,0xf8,0x7b,0x54,0x0,0x8,0x7f,0xe1,0x1f,0x52,0xfc,0x23,0x65,
  0xce,0x82,0x3f,0x58,0x2,0x3e,0x5f,0xd6,0xfc,0xd0,0xa2,0x73,0xb7,0x7b,0xf8,0x3,
  0x34,0x95,0x43,0x3c,0x22,0xfc,0x85,0xbf,0xf0,0xf7,0x4d,0x1,0x20,0xfc,0x85,0x7f,
  0x18,0xf0,0x7,0x98,0xf4,0x31,0x9b,0x78,0x83,0x70,0xcf,0x97,0xad,0x8f,0xc3,0xe6,
  0x87,0xdd,0xc5,0x7f,0x4c,0xc,0x6a,0xe2,0xc2,0x5f,0xf8,0x7,0x7,0xff,0x70,0x4c,
  0x3,0x14,0xfe,0xc2,0x3f,0x4,0xf8,0xd7,0xbc,0x1b,0xc6,0x9e,0x21,0xdc,0xf3,0xe5,
  0xe0,0x5e,0xf8,0xf3,0x7f,0x5a,0xae,0xe2,0x9f,0x59,0xed,0x4f,0xf8,0xb,0x7f,0xe1,
  0xef,0x93,0x2,0x40,0xf8,0xb,0xff,0xb0,0xe0,0x1f,0xab,0x74,0xb6,0xf9,0x55,0xf2,
  0xb7,0xf9,0xa3,0xff,0x61,0xd1,0xdb,0xe9,0x1e,0xfe,0xf0,0xf6,0x29,0x7f,0xc2,0x5f,
  0xf8,0xb,0x7f,0x8f,0xb,0x0,0xe1,0x1f,0x7c,0xfc,0xc3,0xbe,0x19,0xd0,0x70,0xfe,
  0xd3,0xe4,0xcb,0x6c,0x4a,0x6a,0xe4,0x7b,0xbe,0xac,0xff,0x5f,0xd8,0xf9,0x8c,0xbb,
  0xf8,0xd7,0xc4,0x9d,0xcd,0x7e,0x84,0xbf,0xf0,0x17,0xfe,0x3e,0x28,0x0,0x84,0xbf,
  0xf0,0x37,0x15,0xff,0x6c,0xff,0xa7,0xee,0x64,0xa8,0x3d,0x51,0xb8,0xe7,0x4b,0xfb,
  0x36,0x78,0xea,0x2e,0xcb,0x55,0xfc,0xe3,0x11,0x68,0x2c,0x13,0xfe,0xc2,0x5f,0xf8,
  0xfb,0x6a,0x4,0x40,0xf8,0xb,0xff,0x30,0x14,0xc,0x25,0xb5,0x30,0x79,0x89,0x5a,
  0x2c,0x5f,0x52,0x49,0x58,0x75,0xa3,0x45,0x7f,0xc2,0x3d,0xfc,0x2d,0x60,0x5c,0x5,
  0x58,0x96,0xf0,0x17,0xfe,0xc2,0xdf,0xb7,0x5,0x80,0xf0,0x17,0xfe,0xa6,0x8e,0x16,
  0x4c,0xf9,0xa4,0x4d,0x74,0x8c,0xda,0x27,0x5f,0x9e,0xba,0xc7,0x62,0xef,0x56,0xf7,
  0xf0,0x7,0x67,0xb1,0x9f,0xb2,0xa8,0xf0,0x17,0xfe,0xc1,0xc5,0x3f,0x7c,0xb3,0x0,
  0x84,0xbf,0xf0,0x37,0x4,0xff,0xb1,0xf3,0xa1,0xfa,0x58,0xb5,0x4f,0xbe,0xbc,0xf1,
  0x1c,0x3c,0x7f,0xbf,0xbb,0xf8,0x97,0x45,0xa1,0xbe,0x54,0xf8,0xb,0x7f,0xe1,0xef,
  0xdb,0x2,0x40,0xf8,0xb,0x7f,0x53,0xf1,0x8f,0x37,0xc1,0xa4,0x4b,0xd4,0x6a,0xf9,
  0x92,0xe8,0x82,0x47,0xbe,0x6b,0xd,0xf9,0xa6,0x3a,0x5c,0xfc,0xad,0xf4,0x94,0x3f,
  0xe1,0x2f,0xfc,0x85,0xbf,0x4f,0xb,0x0,0xe1,0x6f,0x6,0xfe,0x76,0x88,0x8d,0xcb,
  0xf9,0xd0,0x2d,0x67,0xa3,0x9f,0x48,0xa9,0x80,0xcf,0x97,0xc7,0x7f,0x60,0x71,0xa0,
  0xd5,0x3d,0xfc,0x6d,0x9c,0x2d,0x7e,0x4b,0x22,0xc2,0x5f,0xf8,0xb,0x7f,0x5f,0x16,
  0x0,0xc2,0x5f,0xf8,0x9b,0x8a,0xbf,0xd,0x4c,0xfb,0x0,0x54,0x4e,0x17,0xee,0xf9,
  0xb2,0xe5,0x11,0x78,0x79,0xb5,0xbb,0xf8,0x57,0x95,0x40,0x75,0x5c,0xf8,0xb,0x7f,
  0xe1,0xef,0xeb,0x11,0x0,0xe1,0x2f,0xfc,0x4d,0xc4,0xbf,0x76,0xa,0x1c,0x7d,0xb1,
  0x86,0xfe,0xf3,0xe5,0x40,0xb,0xfc,0xf9,0xf6,0xe1,0x6d,0x88,0x90,0xf,0xff,0x98,
  0xe5,0xac,0xf5,0x2f,0xfc,0x85,0xbf,0xf0,0xf,0x42,0x1,0x20,0xfc,0x85,0xbf,0x41,
  0xf8,0x47,0xa2,0x30,0xef,0x9f,0x6c,0x22,0x25,0x2,0x9e,0x3c,0xfd,0xe7,0x91,0x9b,
  0x2d,0x12,0x5d,0xee,0xe1,0xf,0xce,0x71,0xff,0xa8,0x25,0xfc,0x85,0xbf,0x39,0xf8,
  0x17,0xf3,0xbd,0xb6,0xb8,0x5,0x80,0xf0,0x17,0xfe,0x6,0xe1,0xf,0x70,0xec,0x25,
  0x36,0x75,0x47,0xa,0xf8,0x7c,0x79,0xee,0x37,0xf0,0xc6,0x7a,0x77,0xf1,0xaf,0x1b,
  0xb4,0xda,0x9f,0xf0,0x17,0xfe,0xc2,0xdf,0xaf,0x5,0x80,0xf0,0x17,0xfe,0x86,0xe1,
  0xdf,0x30,0x3,0x8e,0xf9,0x88,0x70,0xcf,0x97,0xb6,0x57,0xe0,0xaf,0xcb,0xa,0x1f,
  0xfa,0x2f,0x4,0xff,0x78,0x4,0x1a,0xca,0x85,0xbf,0xf0,0x17,0xfe,0x81,0x19,0x1,
  0x10,0xfe,0x66,0xe0,0x1f,0xe6,0x25,0x81,0x33,0x97,0x47,0xe3,0x70,0xca,0x3f,0xda,
  0x58,0x11,0x94,0x21,0xd2,0x9f,0x80,0x55,0x37,0x59,0xa4,0x92,0xee,0xe1,0x6f,0x1,
  0xe3,0x2b,0x9c,0xef,0xc2,0x5f,0xf8,0xb,0xff,0x0,0x14,0x0,0xc2,0x5f,0xf8,0x9b,
  0x82,0x3f,0xc0,0xf1,0x97,0xd9,0x54,0x4f,0x10,0xf0,0xf9,0xf2,0xe4,0x9d,0x16,0xed,
  0xdb,0xdc,0xc3,0x1f,0xa0,0xa1,0xc,0x4a,0xa3,0xc2,0x5f,0xf8,0xb,0xff,0x40,0x8d,
  0x0,0x8,0x7f,0xe1,0x6f,0x42,0x51,0xd0,0x3c,0x1b,0x66,0x9e,0x2f,0xdc,0xf3,0x65,
  0xc7,0xd3,0xf0,0xc2,0x72,0x77,0xf1,0xaf,0x88,0x41,0x5d,0xa9,0xf0,0x17,0xfe,0xc2,
  0x3f,0xf0,0x5,0x80,0xf0,0x17,0xfe,0x41,0xc3,0xbf,0xa4,0x2,0x4e,0xb9,0xc6,0x7e,
  0x6b,0xfc,0x59,0xc9,0x9a,0x9e,0x4e,0x78,0xf4,0x7b,0x56,0x41,0x1d,0xa7,0x50,0xfc,
  0x23,0x16,0x34,0x97,0xb,0x7f,0xe1,0x2f,0xfc,0x3,0x5f,0x0,0x8,0x7f,0xe1,0x1f,
  0x34,0xfc,0x1,0xe6,0x7c,0xca,0xa6,0xa2,0x41,0xc0,0xe7,0xcb,0x63,0xdf,0xb7,0x38,
  0xb8,0xd7,0x3d,0xfc,0x1,0xc6,0x95,0x43,0x2c,0x22,0xfc,0x85,0xbf,0xd9,0xf8,0x87,
  0x6f,0x33,0x20,0xe1,0x2f,0xfc,0x3,0x80,0xff,0xe4,0x93,0xe0,0x1d,0xb,0x84,0x7b,
  0xbe,0x6c,0x7a,0x8,0x5e,0x5d,0xe3,0x2e,0xfe,0x55,0x25,0xce,0x97,0xf0,0x17,0xfe,
  0xc2,0x3f,0xc0,0x5,0x80,0xf0,0xf,0x3e,0xfe,0x61,0x3c,0x11,0xb0,0xb4,0x1a,0xe6,
  0x5e,0xad,0xd5,0xfe,0xf2,0xa5,0x73,0x17,0xac,0xf9,0x61,0xfe,0xe3,0x23,0xc3,0xc1,
  0x3f,0x16,0x71,0x3e,0xfd,0xb,0x7f,0xe1,0x2f,0xfc,0x3,0x5c,0x0,0x8,0x7f,0xe1,
  0x1f,0x44,0xfc,0x1,0x4e,0xba,0xda,0xa6,0xac,0x46,0xc0,0xf,0xd9,0x6e,0x29,0x67,
  0xca,0x5f,0x5f,0x8f,0x7b,0xf8,0x3,0x8c,0x2f,0x77,0x76,0xfb,0x13,0xfe,0xc2,0x5f,
  0xf8,0x7,0xb4,0x0,0x10,0xfe,0xc2,0x3f,0xa8,0x79,0xc7,0x7c,0x98,0x7c,0xb2,0x80,
  0xcf,0x97,0x67,0x7e,0x5,0xbb,0x37,0xb8,0x8b,0x7f,0x7d,0x29,0x94,0xc5,0x84,0xbf,
  0xf0,0x17,0xfe,0x81,0x1f,0x1,0x10,0xfe,0x86,0xe0,0x1f,0xa2,0x4a,0xa0,0xa2,0x1,
  0xe6,0x5c,0xa1,0xa1,0xff,0x7c,0x69,0xd9,0xc,0xcf,0xfc,0xc2,0x72,0x15,0xff,0xd2,
  0x28,0xd4,0x97,0x9,0x7f,0xe1,0x2f,0xfc,0x8d,0x2b,0x0,0x84,0xbf,0xf0,0xf7,0x7d,
  0x2c,0x38,0xf9,0x73,0x36,0x25,0x15,0x2,0x7e,0xa8,0x24,0x7b,0x60,0xd5,0x8d,0x16,
  0xa9,0x7e,0xf7,0xf0,0xb7,0x70,0xa6,0xfc,0x59,0xc2,0x5f,0xf8,0x87,0xc,0xff,0x70,
  0xcc,0x2,0x10,0xfe,0xc2,0xdf,0xe7,0x99,0x71,0x3e,0x8c,0x3f,0x4e,0xc0,0xe7,0xcb,
  0x5f,0x7e,0x62,0xb1,0xef,0x75,0xf7,0xf0,0x7,0x67,0x9d,0xff,0x78,0x54,0xf8,0xb,
  0x7f,0xe1,0x6f,0x54,0x1,0x20,0xfc,0x85,0x7f,0x10,0x52,0x39,0x1,0x8e,0xff,0xb8,
  0x86,0xfe,0xf3,0x65,0xdb,0x5a,0xd8,0xf0,0x7,0x77,0xf1,0xaf,0x88,0x41,0x6d,0x5c,
  0xf8,0xb,0xff,0x90,0xe2,0x6f,0xea,0x76,0xc0,0xc2,0x5f,0xf8,0x7,0x22,0x11,0x38,
  0xf5,0xf3,0x36,0xb1,0x52,0x1,0x3f,0x54,0xba,0x3b,0x60,0xf5,0xad,0x96,0xab,0xf8,
  0x47,0x2c,0x18,0x57,0x21,0xfc,0x85,0xbf,0xf0,0x37,0xaa,0x0,0x10,0xfe,0x66,0xe0,
  0x6f,0x7a,0x2d,0x60,0x3,0xc7,0x7c,0x18,0x1a,0x66,0xa,0xf8,0x7c,0x79,0xfa,0x17,
  0x16,0xdd,0x1d,0xee,0xe1,0x6f,0x93,0x5e,0xed,0xcf,0x12,0xfe,0xc2,0x5f,0xf8,0x9b,
  0x35,0x2,0x20,0xfc,0x85,0x7f,0x0,0x52,0x33,0x9,0x66,0x5f,0xa2,0xa1,0xff,0x42,
  0x32,0xe3,0xec,0xec,0x7b,0x22,0x1c,0x2e,0xfe,0x35,0x71,0xa8,0x2c,0x11,0xfe,0xc2,
  0x5f,0xf8,0x9b,0x57,0x0,0x8,0x7f,0xe1,0x1f,0x80,0x54,0x4f,0x84,0x48,0x4c,0xb8,
  0x17,0x92,0xc6,0xe9,0x30,0x63,0xa1,0x3b,0xf8,0x97,0x44,0xa0,0xb1,0x4c,0xf8,0xb,
  0x7f,0xe1,0x1f,0xee,0xbd,0x0,0x84,0xbf,0xf0,0x57,0x2,0x93,0xb9,0x4b,0x6d,0xe2,
  0x15,0x23,0xc3,0xdf,0x2,0xc6,0x57,0xbc,0xfd,0xcd,0x48,0xf8,0xb,0x7f,0xe1,0x6f,
  0x60,0x1,0x20,0xfc,0x85,0xbf,0x62,0x4e,0xca,0x6b,0xe1,0xf8,0x4b,0xec,0xc3,0xc6,
  0x1f,0xd2,0xab,0xfd,0x45,0x84,0xbf,0xf0,0x17,0xfe,0xc5,0x8e,0x7f,0xf6,0x2,0x10,
  0xfe,0x81,0xc1,0x5f,0x45,0x81,0x32,0x30,0xb3,0x3e,0x0,0x35,0x13,0xf,0xaf,0xdf,
  0x95,0x45,0x9d,0x2,0x40,0xf8,0xb,0x7f,0xe1,0x6f,0x70,0x1,0x20,0xfc,0x85,0xbf,
  0x62,0x66,0x22,0x31,0x38,0xe5,0x8a,0xe1,0xf7,0xbb,0x8,0xe9,0x8d,0x7e,0x84,0xbf,
  0xf0,0x17,0xfe,0x66,0x17,0x0,0xc2,0x5f,0xf8,0x2b,0xe6,0x66,0xca,0x89,0xce,0xd7,
  0x70,0xfa,0x50,0x63,0x99,0x73,0xf2,0x9f,0xf0,0x17,0xfe,0xc2,0x3f,0x64,0x5,0x80,
  0xf0,0x17,0xfe,0x8a,0x59,0x39,0xe5,0xd3,0xce,0x68,0x40,0x21,0x7d,0xa8,0x32,0xe6,
  0x4c,0xfb,0x13,0xfe,0xc2,0x5f,0xf8,0x87,0xac,0x0,0x10,0xfe,0xc2,0x5f,0x31,0x2f,
  0x35,0x13,0x60,0xd6,0x7,0xf3,0xf7,0xa1,0x28,0xce,0x82,0x3f,0xc2,0x5f,0xf8,0xb,
  0x7f,0x6f,0xdf,0x6f,0xbd,0x9f,0x5,0x20,0xfc,0x85,0xbf,0x62,0x4c,0xde,0xf3,0xf7,
  0x50,0x51,0x37,0x74,0xbf,0x1b,0x5b,0x6,0x51,0x4b,0xf8,0xb,0x7f,0xe1,0xef,0xf5,
  0xfb,0xad,0xb7,0xb3,0x0,0x84,0x7f,0x20,0xf1,0x57,0x51,0xa0,0xe4,0x4a,0x49,0x39,
  0xcc,0x5d,0x3a,0x74,0xbf,0xdb,0x9f,0x10,0xfe,0xc2,0x5f,0xf8,0xfb,0xe1,0x7d,0xd5,
  0xbb,0x59,0x0,0xc2,0x5f,0xf8,0x2b,0x46,0x66,0xe6,0x42,0x68,0x9a,0x91,0xbb,0xdf,
  0x75,0xf7,0x3b,0x45,0x80,0xf0,0x17,0xfe,0xc2,0xdf,0xdb,0xf7,0x55,0x6f,0x4e,0x2,
  0x14,0xfe,0xc1,0xc5,0x5f,0x15,0x80,0x92,0x2f,0x16,0x9c,0xfa,0x19,0xb2,0xce,0xef,
  0xcb,0xfc,0xd8,0xda,0x3,0xa9,0x42,0xfb,0xa3,0xf0,0x17,0xfe,0xc2,0xdf,0x90,0x2,
  0x40,0xf8,0xb,0x7f,0xc5,0xf8,0x34,0xcd,0x84,0x99,0xb,0x72,0xf7,0xf9,0xa4,0xd,
  0x7b,0x7b,0x85,0xbf,0xf0,0x17,0xfe,0x5e,0x56,0x4,0xc5,0x2d,0x0,0x84,0xbf,0xf0,
  0x57,0x42,0x93,0x93,0x3e,0xe1,0x9c,0x13,0x90,0xab,0xfb,0xb4,0xf7,0x42,0x22,0x25,
  0xfc,0x85,0xbf,0xf0,0x2f,0xa4,0xed,0x83,0x5d,0x0,0x8,0x7f,0xe1,0xaf,0x84,0x2a,
  0x15,0x75,0xce,0xac,0x80,0xa1,0xfa,0xd6,0x9e,0x6e,0xe1,0x2f,0xfc,0x85,0xbf,0x17,
  0xf8,0x17,0x7f,0x4,0x40,0xf8,0x1b,0x81,0xbf,0xea,0x1,0xa5,0xd0,0xcc,0xfe,0x90,
  0xb3,0x3e,0x40,0xae,0x1c,0x4c,0x42,0x57,0x52,0xf8,0xb,0x7f,0xe1,0xaf,0xcd,0x80,
  0x84,0xbf,0xf0,0x57,0x8c,0x4a,0x24,0x6,0xa7,0x7e,0x7a,0xe8,0xdf,0x69,0xe9,0x7e,
  0xab,0x5f,0x9,0x7f,0xe1,0x2f,0xfc,0xd,0x2c,0x0,0x84,0xbf,0xf0,0x57,0xc2,0x99,
  0xa9,0x73,0x61,0xca,0x9c,0xdc,0xd7,0xf7,0xa5,0xa0,0xa3,0x57,0xf8,0xb,0x7f,0xe1,
  0x6f,0xf4,0x8,0x80,0xf0,0x17,0xfe,0x4a,0x38,0x73,0xea,0x95,0xce,0x68,0x40,0xae,
  0xb4,0xf5,0x38,0x33,0x3,0x84,0xbf,0xf0,0x17,0xfe,0x21,0x28,0x0,0x84,0xbf,0xf0,
  0x57,0xc2,0x93,0xda,0x89,0x70,0xec,0x7,0x72,0xf7,0xf9,0x94,0xed,0x14,0x1,0xc2,
  0x5f,0xf8,0x87,0x1d,0x7f,0xa3,0xf7,0x2,0x10,0xfe,0xc2,0x5f,0x9,0x67,0xe6,0x7c,
  0xc,0xca,0x6b,0x73,0xf7,0xf9,0xfd,0x9,0xe8,0xe9,0x17,0xfe,0xc2,0x5f,0xf8,0x1b,
  0x5b,0x0,0x8,0x7f,0xe1,0xaf,0x84,0x33,0xf1,0xa,0x38,0xf9,0x13,0x43,0xf7,0xf9,
  0x81,0x27,0x4,0xa,0x7f,0xe1,0x2f,0xfc,0xd,0x2a,0x0,0x84,0xbf,0xf0,0x57,0xc2,
  0x9d,0xa3,0xcf,0x4e,0xef,0x13,0x90,0xa3,0x83,0xe5,0xda,0x27,0x40,0xf8,0xb,0x7f,
  0xe1,0x1f,0xe0,0x2,0x40,0xf8,0x9b,0x81,0xbf,0xa,0x3,0x65,0x44,0xb1,0xe0,0xb4,
  0x81,0xfb,0x4,0x64,0xe9,0x5b,0xad,0xbd,0x6f,0xdf,0x27,0x40,0xf8,0xb,0x7f,0xe1,
  0x6f,0xc0,0x8,0x80,0xf0,0x17,0xfe,0x8a,0x32,0xee,0xe8,0xf4,0x3e,0x1,0x39,0xfa,
  0x56,0x7f,0xea,0xad,0x7d,0x2,0x84,0xbf,0xf0,0x17,0xfe,0x6,0x16,0x0,0xc2,0x5f,
  0xf8,0x2b,0xe1,0xcd,0x29,0x97,0xf,0xbd,0x4f,0x40,0x47,0xc2,0xd9,0x27,0x40,0xf8,
  0xb,0xff,0xd0,0xb7,0xbd,0x69,0x5,0x80,0xf0,0xf,0x38,0xfe,0xaa,0x6,0x94,0x11,
  0xa6,0xa2,0x1e,0xe6,0xc,0xb1,0x4f,0x40,0xca,0x86,0x96,0x1e,0xe1,0x2f,0xfc,0x85,
  0xbf,0x51,0x5,0x80,0xf0,0x17,0xfe,0x8a,0x2,0x30,0xfb,0xc2,0xec,0xfb,0x4,0x64,
  0xba,0x58,0x57,0x5f,0x7a,0x9f,0x0,0xe1,0x2f,0xfc,0x85,0x7f,0xf0,0xb,0x0,0xe1,
  0x6f,0x6,0xfe,0xaa,0x1,0x14,0x37,0x12,0x8d,0xc1,0x69,0x9f,0x1e,0xba,0xcf,0xb5,
  0xe,0xdc,0x27,0x40,0xf8,0xb,0xff,0x30,0xb4,0x7d,0x11,0xdf,0x60,0x8b,0x3b,0xb,
  0x40,0xf8,0xb,0x7f,0x45,0x19,0x90,0x23,0x4e,0x82,0x29,0xef,0xc9,0xdd,0xe7,0x12,
  0xfd,0xe9,0x7d,0x2,0x84,0xbf,0xf0,0x17,0xfe,0x1,0x1e,0x1,0x10,0xfe,0xc2,0x5f,
  0x51,0xb2,0xe4,0xb4,0x2b,0xc1,0x8a,0xe5,0xee,0x84,0x6d,0xbd,0xd0,0x3f,0x9c,0x3e,
  0x2c,0xfc,0x85,0xbf,0xf0,0xf7,0x59,0x1,0x20,0xfc,0x85,0xbf,0xa2,0x64,0x49,0xdd,
  0x64,0x98,0xfd,0x81,0xdc,0xaf,0xb9,0x94,0xd,0xad,0x5,0xee,0x13,0x20,0xfc,0x85,
  0xbf,0xf0,0xf7,0x79,0x1,0x20,0xfc,0x85,0xbf,0xa2,0xc,0xcc,0xdc,0xcc,0x3e,0x1,
  0x39,0x5e,0x73,0x9d,0x5,0xec,0x13,0x20,0xfc,0x85,0xbf,0x9,0xf8,0x1b,0x3d,0xd,
  0x50,0xf8,0xb,0x7f,0x45,0x19,0x9c,0xf8,0x18,0x38,0x65,0x69,0xee,0xfe,0x68,0xe3,
  0x4c,0xb,0x14,0xfe,0xc2,0x5f,0xf8,0x7,0xb4,0x0,0x10,0xfe,0x66,0xe0,0xaf,0xa2,
  0x40,0x19,0x8d,0xbc,0xf3,0xbd,0xd0,0x34,0x3d,0x77,0xff,0xea,0x49,0x42,0x67,0x9f,
  0xf0,0x17,0xfe,0xc2,0x3f,0x70,0x5,0x80,0xf0,0x17,0xfe,0x8a,0x32,0x54,0x2c,0xb,
  0xce,0xb8,0x9a,0xac,0xfb,0x4,0x64,0xd2,0xda,0xf3,0xf6,0x7d,0x2,0x84,0xbf,0xf0,
  0x17,0xfe,0x1,0x19,0x1,0x10,0xfe,0xc2,0x5f,0x51,0x86,0x4a,0xf3,0x3b,0x61,0xe6,
  0xfc,0xdc,0xd7,0xf7,0xa7,0xa0,0xbd,0x57,0xf8,0xb,0x7f,0xe1,0x1f,0xf8,0x2,0x40,
  0xf8,0xb,0x7f,0x45,0x19,0x9c,0x53,0x3f,0xf9,0xd6,0x3e,0x1,0xd9,0xd2,0x9e,0x80,
  0xbe,0x7e,0xe1,0x2f,0xfc,0x85,0x7f,0x60,0xb,0x0,0xe1,0x2f,0xfc,0x15,0xa7,0xef,
  0xa4,0x92,0x6a,0x87,0x81,0x19,0x33,0x16,0xe6,0x5c,0x32,0x74,0x7,0x6e,0xe9,0x11,
  0xfe,0xc2,0xdf,0x4c,0xfc,0xc3,0xb1,0x19,0x90,0xf0,0x17,0xfe,0xa,0x7f,0x5b,0x66,
  0xf1,0xdc,0xfd,0x6a,0x87,0xc1,0x39,0xfe,0xc3,0x50,0x33,0x3e,0x77,0x9f,0xec,0x4a,
  0xc2,0xc1,0xa4,0xf0,0x17,0xfe,0xc2,0x3f,0x50,0x5,0x80,0xf0,0x17,0xfe,0x8a,0x93,
  0x57,0x1e,0x83,0x67,0x7e,0x5,0xeb,0x7e,0x69,0x71,0xb0,0x5d,0xed,0x31,0x30,0xd1,
  0x12,0x38,0xfd,0xca,0xa1,0xfb,0xe4,0xc0,0x69,0x81,0xc2,0x5f,0xf8,0xb,0x7f,0x9f,
  0x17,0x0,0xc2,0xdf,0xc,0xfc,0x6d,0x55,0x6,0x23,0x4e,0xdb,0x16,0x78,0xf4,0x7b,
  0xce,0xe9,0xee,0x7d,0x3d,0xf0,0xd7,0x7b,0x2c,0x35,0xca,0xa0,0x1c,0x79,0xf2,0x5b,
  0xfb,0x4,0x64,0xeb,0x93,0x7d,0x29,0xd8,0x97,0x10,0xfe,0xc2,0x5f,0xf8,0xfb,0xbe,
  0x0,0x10,0xfe,0xc2,0x5f,0x71,0xd2,0xdd,0x1,0xf,0x5e,0x6f,0x91,0xec,0x7d,0xeb,
  0xb2,0x4d,0xf,0x41,0xeb,0x16,0xb5,0xcd,0xe0,0x9c,0x7e,0x25,0x44,0xa2,0xb9,0xfb,
  0x64,0x5b,0x4f,0xf6,0x7d,0x2,0x84,0xbf,0xf0,0x17,0xfe,0x3e,0x1b,0x1,0x10,0xfe,
  0xc2,0x3f,0xec,0x49,0x25,0xe1,0xa1,0x6f,0x5a,0x1c,0x68,0x39,0xb4,0x6d,0xff,0xf2,
  0x23,0x8d,0x2,0xc,0x4e,0xfd,0x14,0x38,0xf6,0x3,0xb9,0xfb,0x6a,0x2a,0x5d,0x4,
  0x8,0x7f,0xe1,0x6f,0xc,0xfe,0x26,0x6e,0x7,0x2c,0xfc,0x85,0xbf,0x2,0x8f,0xff,
  0xd0,0x62,0xd7,0xb,0xd9,0xaf,0xdb,0xf5,0x2,0x6c,0x7d,0x5c,0x6d,0x34,0x38,0x27,
  0x2f,0x86,0xf2,0x9a,0xdc,0x7d,0x75,0x7f,0x1f,0xf4,0xf6,0xb,0x7f,0xe1,0x6f,0x6,
  0xfe,0xe6,0xce,0x2,0x10,0xfe,0xc2,0x3f,0xc4,0x79,0xf1,0xff,0x60,0xc3,0x1f,0x86,
  0xfe,0x9d,0x27,0xef,0xb0,0xe8,0x4f,0xa8,0xad,0x6,0x26,0x3e,0x6,0xe6,0x7d,0x62,
  0xe8,0xbe,0x9a,0x99,0x16,0x28,0xfc,0x85,0xbf,0xf0,0xf7,0x63,0x1,0x20,0xfc,0x85,
  0x7f,0x88,0xf3,0xc6,0xfa,0xc2,0x86,0xf8,0x3b,0x77,0xc3,0xf3,0xbf,0x53,0x7b,0xd,
  0xce,0xbb,0xce,0x85,0xa6,0xa3,0x86,0xd8,0x27,0xa0,0xdf,0x19,0x9,0x10,0xfe,0xc2,
  0x5f,0xf8,0xfb,0x74,0x4,0x40,0xf8,0xb,0xff,0x30,0xa6,0x73,0x37,0x3c,0xf4,0xd,
  0xab,0xe0,0x5,0x7f,0x9e,0xf9,0x25,0x9a,0x16,0x38,0x28,0x96,0x5,0x67,0x5c,0x35,
  0x74,0xbf,0x6f,0xeb,0x81,0x54,0x4a,0xf8,0xb,0x7f,0xe1,0xef,0xbb,0x2,0x40,0xf8,
  0x9b,0x81,0xbf,0x6a,0x82,0xe1,0x25,0xd9,0x3,0x7f,0xba,0xde,0xa2,0x67,0x7f,0x81,
  0xaf,0x13,0xdb,0xa6,0xaf,0x1b,0x9e,0xba,0x5b,0x6d,0x37,0x38,0x13,0x8e,0xc9,0xbe,
  0x4f,0x40,0xa6,0x4f,0x26,0x53,0xce,0x32,0xc1,0xc2,0x5f,0xf8,0xb,0x7f,0x1f,0x8e,
  0x0,0x8,0x7f,0xe1,0x1f,0xaa,0xd8,0xf0,0xc8,0x7f,0x58,0xb4,0x6d,0x2d,0x1c,0xff,
  0x4c,0x34,0x2d,0x30,0x7b,0x4e,0xfb,0x14,0x94,0x94,0xe5,0x46,0xa0,0xa3,0xd7,0x59,
  0x1f,0x40,0xf8,0xb,0x7f,0xe1,0xef,0xe3,0x2,0x40,0xf8,0xb,0x7f,0xd3,0xf3,0xf4,
  0x2f,0xb,0x3f,0xab,0xdf,0x1e,0xd4,0xf0,0xb6,0xd,0x6b,0xfe,0x4b,0x6d,0x38,0x38,
  0x95,0x63,0xe1,0xc4,0x4b,0x72,0x23,0x60,0x33,0xfc,0x7d,0x2,0x84,0xbf,0xf0,0xf7,
  0x13,0xfe,0xe1,0xdb,0xb,0x40,0xf8,0xb,0x7f,0xc3,0xf2,0xda,0x13,0xf0,0xb7,0x9f,
  0x15,0x36,0xaf,0xdf,0xce,0xd1,0xf0,0xbb,0x5e,0x80,0x57,0xfe,0xac,0xb6,0x1c,0x9c,
  0x13,0x3e,0x2,0xd5,0xe3,0x73,0xbf,0xe6,0x86,0xb3,0x4f,0x80,0xf0,0x17,0xfe,0x61,
  0xc5,0xdf,0x93,0x2,0x40,0xf8,0xb,0x7f,0xd3,0xd3,0xbe,0xd,0x56,0xdd,0x6c,0x15,
  0xd4,0x78,0xf6,0x10,0xef,0x82,0x36,0xf0,0xc4,0x1d,0x68,0x5a,0xe0,0xa0,0x44,0x4b,
  0xe0,0x8c,0x2b,0x86,0x7e,0xcd,0xb5,0x16,0xb0,0x4f,0x80,0xf0,0x17,0xfe,0x61,0xc6,
  0xbf,0xe8,0x5,0x80,0xf0,0x37,0x3,0x7f,0x15,0x5,0xb9,0xd3,0xdb,0x9,0xf,0x7e,
  0xdd,0xa2,0xaf,0x7b,0xe4,0xf8,0x83,0x33,0x83,0xe0,0xb9,0xdf,0xaa,0x5d,0x7,0x67,
  0xda,0x3c,0x98,0x72,0x7c,0xee,0x3e,0x99,0xc8,0xb3,0x4f,0x80,0xf0,0x17,0xfe,0x61,
  0xc7,0xbf,0xa8,0x5,0x80,0xf0,0x17,0xfe,0xa6,0xc7,0x4e,0xc1,0xc3,0xdf,0xb2,0xd8,
  0xff,0x86,0x3b,0xf8,0x67,0xf2,0xcc,0xaf,0xa0,0xa7,0x43,0xed,0x3b,0x38,0x67,0x5d,
  0x3d,0xf4,0x3e,0x1,0x7b,0x7b,0xb3,0xef,0x13,0x20,0xfc,0x85,0xbf,0xf0,0xf7,0x60,
  0x4,0x40,0xf8,0xb,0x7f,0x93,0xf3,0xc4,0x4f,0x2c,0x76,0x3e,0xeb,0x2e,0xfe,0x0,
  0x63,0xfa,0x61,0xeb,0x2f,0xd5,0xbe,0x83,0x53,0x3f,0x5,0x66,0x7f,0x20,0xf7,0xf5,
  0x29,0xfb,0xd0,0x7d,0x2,0x84,0xbf,0xf0,0x17,0xfe,0x3e,0x29,0x0,0x84,0xbf,0xf0,
  0x37,0x25,0x9b,0x1e,0x82,0xf5,0xbf,0x77,0x1f,0xff,0xf2,0x18,0x34,0x94,0xc3,0x1b,
  0xab,0xa1,0x73,0xab,0xda,0x79,0x70,0x4e,0xc9,0xb2,0x4f,0xc0,0xc0,0x74,0xe,0xd8,
  0x27,0x40,0xf8,0xb,0x7f,0xe1,0xef,0x93,0x2,0x40,0xf8,0x7,0x18,0x7f,0x55,0x3,
  0x6f,0xcb,0x9e,0xd,0xf0,0xe7,0x1f,0x58,0x5,0xf4,0xf9,0xe1,0xe1,0x5f,0x12,0x81,
  0xf1,0x15,0x60,0xa5,0x7f,0x61,0xf3,0x3d,0x6a,0xeb,0xc1,0x29,0xad,0x84,0x53,0x97,
  0xe,0xfd,0x3b,0xad,0x3d,0xc2,0x5f,0xf8,0x7,0x7,0x7f,0xf3,0xa7,0x1,0xa,0x7f,
  0xe1,0x6f,0x48,0xba,0xda,0xe0,0x4f,0x37,0x58,0xf4,0xf7,0xb9,0x8b,0x7f,0x4,0x7,
  0xff,0xa8,0xf5,0xd6,0x2f,0x75,0x6c,0x80,0x3d,0x4f,0xa8,0xcd,0x7,0x67,0xd6,0x79,
  0xce,0x3e,0x1,0xb9,0xd2,0x9d,0x84,0x3,0x7d,0xc2,0x5f,0xf8,0xb,0x7f,0xcf,0xb,
  0x0,0xe1,0x1f,0x7c,0xfc,0x55,0x3,0x38,0xe9,0x4f,0x38,0xcb,0xfc,0xe6,0x5b,0xb7,
  0x7f,0xb8,0xf8,0x3,0x8c,0xab,0x80,0xd2,0xe8,0xa1,0xbf,0xb4,0xf9,0xe7,0x90,0xea,
  0x53,0xdb,0xf,0x8c,0x65,0xc1,0x59,0x57,0xd,0xdd,0xe7,0xdb,0x7a,0x9c,0x73,0x2,
  0x84,0xbf,0xf0,0xf7,0x3d,0xfe,0x45,0x7c,0x83,0x2d,0xee,0x34,0x40,0xe1,0x2f,0xfc,
  0xd,0xca,0xea,0xef,0x5b,0xb4,0x6c,0x76,0x1f,0xff,0xfa,0x52,0xa8,0x2c,0xc9,0xde,
  0xe7,0x7b,0x5a,0x60,0xdb,0x3,0x6a,0xfb,0xc1,0x99,0x38,0xeb,0xd0,0x7d,0x2,0x6,
  0x36,0x7d,0xd2,0x86,0x8e,0xe1,0xec,0x13,0x20,0xfc,0x85,0xbf,0xe1,0xf8,0x17,0xb5,
  0x0,0x10,0xfe,0xc2,0xdf,0xa4,0x3c,0xf7,0x1b,0x78,0x79,0x95,0xfb,0xf8,0x8f,0x29,
  0x81,0xb1,0x65,0x43,0xf7,0xf9,0x57,0x7f,0x7,0xbd,0x9a,0x16,0x78,0x48,0xce,0xf8,
  0x14,0xc4,0x4a,0x73,0xf7,0xf9,0x82,0xf7,0x9,0x10,0xfe,0xc2,0x3f,0x4,0xf8,0x17,
  0x7d,0x4,0x40,0xf8,0xb,0x7f,0x13,0xb2,0xfd,0x6f,0xb0,0xf6,0x4e,0xcb,0x75,0xfc,
  0xe3,0x11,0x68,0x2e,0xcf,0xdf,0xe7,0xfb,0x7b,0x60,0xcb,0x7f,0xeb,0x79,0x18,0x9c,
  0xca,0x6,0x98,0x7b,0xc9,0xd0,0x7d,0xbe,0x35,0xdf,0x3e,0x1,0xc2,0x5f,0xf8,0x87,
  0x4,0x7f,0x4f,0xb,0x0,0xe1,0x2f,0xfc,0x83,0x98,0x7d,0x3b,0x61,0xe5,0x77,0xac,
  0xa1,0xdf,0xe8,0xe,0x3,0xff,0x88,0x5,0x13,0xc6,0x38,0xdf,0xb,0xe9,0xf3,0x6f,
  0xac,0x86,0xfd,0x9a,0x16,0x78,0x48,0xde,0x73,0x11,0xd4,0x34,0xe7,0x6e,0xfb,0xae,
  0xa4,0x73,0x52,0xa0,0xf0,0x17,0xfe,0x7e,0xc5,0x3f,0xb4,0x9b,0x1,0x9,0x7f,0xe1,
  0xef,0xe7,0x24,0xe,0x3a,0xcb,0xfc,0x26,0xba,0xdc,0xc5,0x1f,0x9c,0x33,0xfe,0x4b,
  0x22,0x85,0xf5,0xf9,0xcc,0xf3,0xbb,0xe9,0x6e,0x3d,0x27,0x83,0x13,0x8b,0xc3,0x99,
  0x57,0xe,0xdd,0xf6,0x59,0xf7,0x9,0x10,0xfe,0xc2,0x3f,0x64,0xf8,0x7b,0x52,0x0,
  0x8,0x7f,0xe1,0x1f,0xc4,0xd8,0x36,0xac,0xba,0xd1,0xa2,0x63,0x87,0xbb,0xf8,0xdb,
  0x40,0x63,0x19,0x54,0xc4,0x86,0x81,0x7f,0xfa,0x7b,0xc7,0x46,0xd8,0xad,0x69,0x81,
  0x87,0xe4,0xa8,0x53,0xf3,0xef,0x13,0xb0,0x3f,0x21,0xfc,0x85,0x7f,0xb8,0xf1,0x2f,
  0x7a,0x1,0x20,0xfc,0xcd,0xc0,0x3f,0x8c,0x85,0xc1,0x5f,0xef,0xb1,0xd8,0xf6,0x94,
  0xfb,0xf8,0xd7,0xc4,0xa1,0xb6,0x74,0xf8,0xf8,0x67,0xb2,0xf9,0x67,0x9a,0x16,0x98,
  0x2d,0xf3,0xf3,0xec,0x13,0xd0,0x96,0xd9,0x27,0x40,0xf8,0xb,0xff,0x90,0xe2,0x5f,
  0xd4,0x2,0x40,0xf8,0xb,0xff,0xa0,0x66,0xcb,0xa3,0xb0,0xee,0x3e,0xf7,0xf1,0x2f,
  0x8f,0x42,0x53,0xf9,0xe1,0xe3,0xf,0xd0,0xd3,0xa,0xaf,0x69,0x5a,0xe0,0x21,0x19,
  0x3b,0x15,0x66,0xbf,0x3f,0x77,0x3b,0xa6,0x6c,0xd8,0xdb,0x23,0xfc,0x85,0x7f,0x78,
  0xf1,0x2f,0xfa,0x8,0x80,0xf0,0x17,0xfe,0x41,0x4b,0xeb,0x16,0x58,0x7d,0x8b,0xe5,
  0x3a,0xfe,0x31,0xb,0xc6,0x8f,0x1,0x6b,0x4,0xf8,0x67,0x9e,0xf7,0xad,0xbf,0xd5,
  0xb4,0xc0,0x6c,0x99,0xf7,0xf1,0x43,0xf7,0x9,0x18,0xf8,0x26,0xbc,0x3f,0x31,0x60,
  0x9f,0x0,0xe1,0x2f,0xfc,0x43,0x86,0xbf,0xa7,0x5,0x80,0xf0,0x17,0xfe,0x7e,0x4f,
  0x77,0x87,0x73,0xd2,0x5f,0x32,0xe1,0x2e,0xfe,0x16,0xce,0x19,0xff,0xb1,0x91,0xbc,
  0x9,0xe,0x78,0xde,0xfb,0x7b,0xe0,0xe5,0x5f,0x8,0xfc,0xc1,0x29,0xab,0x84,0xd3,
  0x96,0xe,0xfd,0x26,0x3c,0xf0,0x84,0x40,0xe1,0x2f,0xfc,0xfd,0x80,0x7f,0xf8,0x66,
  0x1,0x8,0x7f,0xe1,0xef,0xb3,0xa4,0x92,0xf0,0xa7,0x6f,0x58,0x74,0xb5,0xba,0x8b,
  0x3f,0x38,0xcb,0xfc,0x96,0x45,0xdc,0xc1,0x3f,0x93,0xd7,0x57,0xc3,0xfe,0x57,0x84,
  0xfe,0xe0,0x1c,0x7b,0x3e,0x34,0x4d,0xcb,0xfd,0x26,0xdc,0xdd,0x3f,0xcc,0x7d,0x2,
  0x84,0xbf,0xf0,0x37,0x4,0x7f,0x4f,0xa,0x0,0xe1,0x2f,0xfc,0x83,0x90,0xc7,0x6f,
  0xb7,0xd8,0xfd,0xa2,0xfb,0xf8,0xd7,0x95,0x42,0x75,0xcc,0x5d,0xfc,0x33,0xbf,0xbc,
  0x41,0xbb,0x5,0x1e,0x12,0xcb,0x72,0x4e,0x8,0x1c,0xea,0xf5,0xde,0xd6,0x7b,0x68,
  0x9b,0xa,0x7f,0xe1,0x6f,0x3a,0xfe,0x45,0x2f,0x0,0x84,0xbf,0xf0,0xf,0x42,0x5e,
  0x5c,0xe,0x1b,0xfe,0xe8,0x3e,0xfe,0x63,0x62,0xd0,0x58,0x3a,0xa,0xf8,0xa7,0x7f,
  0xbf,0x63,0x3,0xec,0xfa,0x8b,0xd0,0x1f,0x9c,0x49,0xc7,0xc2,0xd1,0x67,0xe6,0x6e,
  0xdf,0x64,0xa,0xda,0xf3,0xed,0x13,0x20,0xfc,0x85,0xbf,0x61,0xf8,0x17,0xb5,0x0,
  0x10,0xfe,0x66,0xe0,0x6f,0x7a,0x51,0xd0,0xb6,0x15,0xfe,0xf2,0x63,0xcb,0x75,0xfc,
  0xe3,0x11,0x18,0x5f,0x3e,0x7a,0xf8,0x67,0xa2,0x69,0x81,0xd9,0x73,0xe6,0xa7,0xa1,
  0xa4,0x34,0x77,0xfb,0x76,0x24,0x9c,0x42,0x40,0xf8,0xb,0xff,0xb0,0xe0,0x5f,0xf4,
  0x11,0x0,0xe1,0x6f,0x0,0xfe,0x86,0x57,0x0,0x7,0x76,0x43,0xaa,0xdf,0x5d,0xfc,
  0x23,0x16,0x4c,0xa8,0x48,0x2f,0xf3,0x3b,0x8a,0xf8,0x3,0x74,0xb7,0xc2,0xab,0xcb,
  0x5,0xfe,0xe0,0x54,0x35,0xa6,0xf7,0x9,0x18,0xa2,0x7d,0x5b,0x7b,0x85,0xbf,0xf0,
  0xf,0xf,0xfe,0xde,0x14,0x0,0xc2,0x5f,0xf8,0x7,0x2c,0x23,0xc1,0x1f,0x9c,0x4f,
  0xfe,0xf1,0xc8,0xe8,0xe3,0x9f,0xc9,0x2b,0xda,0x2d,0x30,0x6b,0x4e,0xfc,0x3b,0xa8,
  0x19,0x97,0xfb,0xfa,0xae,0xbe,0x41,0xfb,0x4,0x8,0x7f,0xe1,0xef,0x5,0xfe,0x45,
  0x7c,0x9f,0x2d,0x6e,0x1,0x20,0xfc,0x85,0x7f,0xc8,0xf0,0x6f,0x28,0x75,0x8e,0xfd,
  0x17,0xb,0x7f,0x1b,0x67,0x5a,0xe0,0x66,0x4d,0xb,0x3c,0x24,0xb1,0x38,0x9c,0x75,
  0xe5,0xd0,0xbf,0xd3,0xda,0xfb,0x56,0x7f,0x17,0xfe,0xc2,0xdf,0xb,0xfc,0xcd,0x9c,
  0x6,0x28,0xfc,0x85,0x7f,0xc8,0xf0,0xaf,0x8a,0x41,0x7d,0x69,0x71,0xf1,0xcf,0x64,
  0xa7,0xa6,0x5,0x66,0xcd,0x8c,0xd3,0x61,0xca,0xbb,0x73,0x5f,0xdf,0xd7,0xf,0xfb,
  0x7b,0x85,0xbf,0xf0,0x37,0x1f,0xff,0xe2,0x8f,0x0,0x8,0x7f,0xe1,0x1f,0x12,0xfc,
  0xcb,0x22,0xd0,0x5c,0xee,0xd,0xfe,0x0,0xa4,0x60,0x83,0x76,0xb,0xcc,0x9a,0x85,
  0x9f,0x5,0x2b,0x92,0xbb,0x21,0xf7,0x66,0xf6,0x9,0x10,0xfe,0xc2,0xdf,0x60,0xfc,
  0x8b,0x5e,0x0,0x8,0x7f,0x33,0xf0,0x37,0xbd,0x26,0x18,0x29,0xfe,0x31,0x9c,0x93,
  0xfe,0x2c,0xcb,0x23,0xfc,0xd3,0x17,0xb4,0x6b,0x5a,0x60,0xd6,0x34,0x1c,0x1,0xc7,
  0xbf,0x3f,0xf7,0x9b,0x70,0xca,0x86,0xf6,0x5e,0xe1,0x2f,0xfc,0xcd,0xc6,0xbf,0xa8,
  0x5,0x80,0xf0,0x17,0xfe,0x81,0xc0,0x7f,0x84,0x7d,0xd8,0xb2,0x9d,0x35,0xfe,0x63,
  0x11,0x6f,0xf1,0xcf,0xfc,0xb8,0x51,0xd3,0x2,0xb3,0xe6,0xd4,0xcb,0xa0,0xbc,0x3a,
  0xf7,0x9b,0xf0,0xfe,0x3e,0x48,0xf4,0xb,0x7f,0xe1,0x6f,0x2e,0xfe,0x45,0x1f,0x1,
  0x10,0xfe,0xc2,0xdf,0xb4,0xc2,0x60,0x70,0xbf,0x6b,0x2a,0x77,0x76,0xf9,0xf3,0x3,
  0xfe,0x0,0xdd,0x2d,0xb0,0xf5,0x7f,0x5,0xfe,0xe0,0x94,0x55,0xd,0xd8,0x27,0xc0,
  0xce,0xde,0x96,0xad,0xbd,0xc2,0x5f,0xf8,0x9b,0x8b,0xbf,0xa7,0x5,0x80,0xf0,0x17,
  0xfe,0xa6,0xe1,0x5f,0x1b,0x87,0x9a,0xb8,0x7f,0xf0,0xcf,0xe4,0x95,0xdf,0x41,0x6f,
  0xbb,0xd0,0x1f,0x9c,0xe3,0x2e,0x80,0xc6,0x23,0x73,0xb7,0x71,0x77,0x32,0xfb,0x3e,
  0x1,0xc2,0x5f,0xf8,0x9b,0x80,0xbf,0x67,0x5,0x80,0xf0,0x17,0xfe,0xa6,0xe1,0x5f,
  0x1a,0x85,0xc6,0x72,0xff,0xe1,0xf,0xce,0xb4,0xc0,0x8d,0x9a,0x16,0x78,0x48,0xac,
  0x8,0x2c,0xfc,0x87,0xa1,0xdb,0x78,0xef,0xa0,0x7d,0x2,0x84,0xbf,0xf0,0x1f,0x6d,
  0xfc,0x8d,0xde,0xd,0x50,0xf8,0xb,0x7f,0xd3,0xf0,0x7,0x28,0x89,0x1c,0xe6,0xdf,
  0x1a,0x65,0xfc,0x33,0x97,0xef,0x5c,0xd,0xfb,0x34,0x2d,0xf0,0x90,0x4c,0x9e,0x9d,
  0x7f,0x9f,0x80,0x8e,0x84,0xf0,0x17,0xfe,0xe6,0xe1,0x5f,0xf4,0x2,0x40,0xf8,0x9b,
  0x81,0x7f,0x18,0x8a,0x82,0xe1,0xf6,0x3b,0x3f,0x7e,0xf2,0x1f,0xfc,0xc6,0xf5,0xd2,
  0x5d,0x2,0x3f,0x5b,0xce,0xba,0x12,0x62,0x79,0xf6,0x9,0xe8,0x4b,0x9,0x7f,0xe1,
  0x6f,0x16,0xfe,0x45,0x2d,0x0,0x84,0xbf,0xf0,0x17,0xfe,0x1e,0xe1,0x9f,0x4e,0xfb,
  0x46,0x78,0x63,0x8d,0xc0,0x1f,0x9c,0xea,0x26,0x38,0xe9,0xe2,0xdc,0xed,0x98,0xb2,
  0x9d,0x2d,0x83,0x85,0xbf,0xf0,0x37,0x9,0xff,0xa2,0x8f,0x0,0x8,0x7f,0xe1,0x6f,
  0x44,0x51,0x10,0x40,0xfc,0x33,0xd1,0xb4,0xc0,0xec,0x39,0xe9,0x62,0xa8,0x1e,0x97,
  0xbb,0x1d,0xbb,0xfa,0xa0,0xbb,0x5f,0xf8,0xb,0x7f,0x73,0xf0,0xf7,0xbc,0x0,0x10,
  0xfe,0x1,0xc5,0x3f,0x64,0x95,0x80,0x29,0xf8,0x63,0xc3,0xc1,0x16,0x78,0x45,0xd3,
  0x2,0xf,0x49,0xac,0x14,0xe6,0x7f,0x7a,0xe8,0x76,0x6c,0xeb,0x16,0xfe,0xc2,0xdf,
  0x1c,0xfc,0x3d,0x2d,0x0,0x84,0xbf,0xf0,0x17,0xfe,0xc5,0xc5,0x3f,0x73,0xdd,0x96,
  0xfb,0xa1,0x47,0xd3,0x2,0xf,0xc9,0xd1,0x67,0xc2,0x94,0xe3,0x72,0xb7,0x63,0x22,
  0x5,0xfb,0x13,0xc2,0x5f,0xf8,0x8f,0x2e,0xfe,0x46,0xcf,0x2,0x10,0xfe,0xc2,0x5f,
  0xf8,0x7b,0x87,0x3f,0x40,0x7f,0x2f,0x6c,0xfa,0xb9,0xc0,0xcf,0x96,0xb3,0x3f,0x3b,
  0xf4,0xbb,0xe2,0xde,0xc4,0x30,0xf7,0x9,0x10,0xfe,0xc2,0xdf,0xa7,0xf8,0x7b,0x52,
  0x0,0x8,0x7f,0xe1,0x2f,0xfc,0xbd,0xc3,0x3f,0x93,0x1d,0xab,0x61,0xdf,0x16,0x81,
  0x3f,0x38,0x8d,0xef,0x80,0xe3,0x17,0xe5,0x6e,0xe3,0xfe,0xe1,0xec,0x13,0x20,0xfc,
  0x85,0xbf,0xb,0x6d,0x6f,0x4c,0x1,0x20,0xfc,0xcd,0xc0,0x3f,0x54,0xfb,0x1,0x18,
  0x88,0x7f,0xe6,0x7e,0xbd,0x70,0x97,0xc0,0xcf,0x96,0x33,0x3e,0xe1,0x2c,0x15,0x9c,
  0xab,0x8d,0x3b,0xfb,0x9c,0xc3,0x1,0xc2,0x5f,0xf8,0x7,0x19,0xff,0xa2,0x16,0x0,
  0xc2,0x5f,0xf8,0x7,0xb9,0x12,0xb0,0x8b,0xdd,0xe7,0x47,0x13,0xff,0xf4,0xf7,0xf6,
  0x8d,0xf0,0xba,0xa6,0x5,0x1e,0x92,0xb2,0x2a,0x38,0x63,0x69,0xee,0x36,0xb6,0x81,
  0xb6,0x1e,0xe1,0x2f,0xfc,0x83,0x8d,0x7f,0xd1,0x47,0x0,0x84,0xbf,0xf0,0x17,0xfe,
  0xfe,0xc0,0x3f,0x93,0xd,0xf7,0x6a,0x5a,0x60,0xb6,0x1c,0xff,0xfe,0x3c,0xfb,0x4,
  0xf4,0x3b,0x53,0x3,0x85,0xbf,0xf0,0xf,0x2a,0xfe,0x9e,0x16,0x0,0xc2,0x5f,0xf8,
  0xb,0x7f,0x6f,0xf1,0x7,0xe8,0x6e,0x85,0x57,0x7e,0x2f,0xf0,0x7,0xc7,0x8a,0xa4,
  0x4f,0x8,0x1c,0x22,0x7b,0x7,0xed,0x16,0x28,0xfc,0x85,0xff,0x68,0xb7,0xbd,0x11,
  0x5,0x80,0xf0,0x17,0xfe,0x1,0xab,0x3,0x8c,0xc4,0x3f,0x93,0xcd,0xbf,0xd5,0xb4,
  0xc0,0x6c,0x99,0xfa,0x6e,0x38,0xfa,0x8c,0xdc,0xd7,0x27,0x6d,0xe8,0xe8,0x15,0xfe,
  0xc2,0x3f,0x98,0xf8,0x7b,0x52,0x0,0x8,0x7f,0xe1,0x2f,0xfc,0xfd,0x83,0xbf,0x8d,
  0x33,0x2d,0x70,0x83,0xa6,0x5,0x66,0xcd,0x82,0x1,0xfb,0x4,0x64,0xcb,0xbe,0x4,
  0xf4,0xf5,0xb,0x7f,0xe1,0x1f,0x3c,0xfc,0x8b,0x5e,0x0,0x8,0x7f,0xe1,0x2f,0xfc,
  0xfd,0x85,0x7f,0xe6,0x87,0x1d,0x8f,0x6a,0x5a,0x60,0xb6,0xd4,0x8c,0x83,0x93,0xff,
  0x2e,0xf7,0xf5,0x29,0xdb,0x39,0x14,0x20,0xfc,0x85,0x7f,0xd0,0xf0,0x2f,0x6a,0x1,
  0x20,0xfc,0xcd,0xc0,0x3f,0x54,0x53,0x0,0x43,0x82,0x7f,0xe6,0xbb,0xa6,0x5,0x66,
  0xcf,0x29,0x97,0x38,0x1b,0x6,0xe5,0x7a,0xde,0xbb,0x92,0xd0,0xd3,0x2f,0xfc,0x85,
  0x7f,0xb0,0xf0,0x2f,0xfa,0x8,0x80,0xf0,0x17,0xfe,0xc6,0x15,0xc,0x26,0xe0,0x9f,
  0x4e,0xdb,0x6,0xd8,0xf9,0xb8,0x9e,0xd3,0xc1,0x89,0x95,0x3a,0x87,0x2,0x86,0x7a,
  0xde,0xdb,0x7a,0x84,0xbf,0xf0,0xf,0x16,0xfe,0x9e,0x16,0x0,0xc2,0x5f,0xf8,0xb,
  0x7f,0xff,0xe0,0x9f,0xf9,0xe7,0x4b,0xf7,0x42,0x7f,0x42,0xcf,0xed,0xe0,0xbc,0xf3,
  0x4c,0x98,0x32,0x3b,0xf7,0xf3,0x9e,0x48,0xc1,0xfe,0x3e,0xe1,0x2f,0xfc,0x47,0xf1,
  0xf6,0x4d,0x29,0x0,0x84,0xbf,0xf0,0x17,0xfe,0xfe,0xc3,0x1f,0xd2,0xd3,0x2,0xb5,
  0x5b,0x60,0xd6,0x9c,0xf3,0x59,0xc0,0xca,0x7d,0xfd,0xde,0x5e,0xe7,0x9c,0x0,0xe1,
  0x2f,0xfc,0x83,0x80,0xbf,0x27,0x5,0x80,0xf0,0x17,0xfe,0xc2,0xdf,0x9f,0xf8,0x67,
  0xb2,0x59,0xbb,0x5,0x66,0x4d,0xd3,0x34,0x38,0xfe,0x82,0xdc,0xed,0x9b,0xca,0xb7,
  0x4f,0x80,0xf0,0x17,0xfe,0x3e,0x7b,0xaf,0xf5,0x6e,0x16,0x80,0xf0,0xf,0x2c,0xfe,
  0x76,0x88,0xab,0x2,0xd3,0xf1,0x7,0x48,0xf6,0xc2,0x4b,0x3f,0x13,0xf8,0xd9,0x72,
  0xe6,0xe5,0x43,0xef,0x13,0xb0,0x3f,0xd7,0x3e,0x1,0xc2,0x5f,0xf8,0xfb,0xf0,0x83,
  0x96,0x37,0xb3,0x0,0x84,0xbf,0xf0,0x17,0xfe,0xbe,0xc4,0x3f,0x73,0xf9,0xf6,0xd5,
  0xd0,0xf1,0xb2,0xc0,0x1f,0x9c,0xf2,0xea,0xa1,0xf7,0x9,0x80,0x2c,0xfb,0x4,0x8,
  0x7f,0xe1,0x8f,0x3f,0x47,0x59,0x8b,0x7f,0xe,0x80,0xf0,0x17,0xfe,0xc2,0xdf,0xd7,
  0xf8,0x67,0xfe,0xb1,0xfe,0x2e,0x81,0x9f,0x2d,0xef,0xf9,0x40,0x1,0xfb,0x4,0x24,
  0x85,0xbf,0xf0,0x3f,0xfc,0xc7,0x6e,0x66,0x1,0x20,0xfc,0x85,0xbf,0xf0,0xf7,0x3f,
  0xfe,0xe9,0xec,0xdd,0xa8,0x69,0x81,0xd9,0x62,0x45,0xd2,0x27,0x4,0xe,0xd1,0x8e,
  0x7b,0x7b,0xe,0xed,0x37,0xc2,0x5f,0xf8,0xfb,0x9,0xff,0xe2,0x16,0x0,0xc2,0x5f,
  0xf8,0xb,0xff,0xc0,0xe0,0x9f,0x79,0xec,0x2f,0x2c,0xd3,0xb4,0xc0,0x6c,0x39,0xe2,
  0x78,0x38,0xfa,0xf4,0xdc,0xed,0x98,0x4c,0x39,0xcb,0x4,0xb,0x7f,0xe1,0x3f,0x5c,
  0xfc,0xb5,0x19,0x90,0xf0,0x17,0xfe,0xc2,0xdf,0x73,0xfc,0xc1,0x99,0x16,0xf8,0xb2,
  0x76,0xb,0xcc,0x9a,0xb3,0x3f,0x3,0xb1,0x78,0xee,0xd7,0x5c,0x47,0xaf,0x53,0x8,
  0x8,0x7f,0xe1,0xef,0x47,0xfc,0x3d,0x29,0x0,0x84,0x7f,0xf0,0xf1,0xf,0x43,0x4d,
  0x30,0xe2,0xc7,0x6e,0x0,0xfe,0x99,0x6c,0xbe,0x1f,0x7a,0xf6,0xa,0xfc,0xc1,0xa9,
  0x69,0x86,0x93,0x2f,0xce,0xfd,0x9a,0xb3,0x81,0xb6,0x5e,0x77,0x5e,0x73,0xc2,0x5f,
  0xf8,0x7,0xbe,0x0,0x10,0xfe,0xc2,0x5f,0x9f,0xfc,0x83,0x85,0x3f,0x38,0xbb,0x5,
  0xbe,0xa8,0x69,0x81,0x59,0x33,0xef,0xef,0xa1,0xba,0x31,0x77,0xdb,0xf,0x6b,0x9f,
  0x0,0xe1,0x2f,0xfc,0x4d,0x2d,0x0,0x84,0xbf,0xf0,0xf,0x86,0xfe,0xc2,0x3f,0x5b,
  0xb6,0xad,0x86,0x76,0x4d,0xb,0x3c,0x24,0x25,0xa5,0xb0,0xf0,0xca,0xa1,0xdb,0xbe,
  0xa0,0x7d,0x2,0x84,0xbf,0xf0,0x37,0x7d,0x4,0x40,0xf8,0xb,0x7f,0x83,0x6a,0x82,
  0xd0,0xe0,0x9f,0xe9,0x93,0xcf,0xdf,0x29,0xf0,0xb3,0xe5,0x98,0xf9,0x30,0xe5,0xd8,
  0xdc,0x6d,0x9c,0x48,0x41,0x67,0x9f,0xf0,0x17,0xfe,0xfe,0xc2,0xdf,0xd3,0x2,0x40,
  0xf8,0xb,0x7f,0xe1,0x1f,0x10,0xfc,0xd3,0xd9,0xbb,0x11,0x76,0x68,0x5a,0x60,0xd6,
  0x9c,0xfb,0x39,0xb0,0xac,0xdc,0x6d,0x9c,0x73,0x9f,0x0,0xe1,0x2f,0xfc,0x3d,0x7c,
  0xbf,0xf5,0xdf,0x2c,0x0,0xe1,0x2f,0xfc,0x85,0xbf,0xef,0xf0,0xcf,0x44,0xd3,0x2,
  0xb3,0x67,0xdc,0x51,0xf0,0xee,0x45,0xb9,0xaf,0x4f,0xd9,0xd0,0x9e,0x10,0xfe,0xc2,
  0xdf,0x3f,0xf8,0x7b,0x52,0x0,0x8,0x7f,0xe1,0x2f,0xfc,0x83,0x89,0x3f,0xc0,0xc1,
  0x56,0xd8,0xac,0x69,0x81,0x59,0x33,0xff,0x72,0x28,0xab,0xcc,0x7d,0x7d,0x67,0x62,
  0xc0,0x3e,0x1,0xc2,0x5f,0xf8,0xfb,0xe0,0xfd,0xd6,0x3f,0xb3,0x0,0x84,0x7f,0x60,
  0xf0,0x37,0xbd,0x30,0x10,0xfe,0x43,0x5f,0xbe,0xe9,0x37,0xd0,0xad,0x69,0x81,0x87,
  0xa4,0xa2,0x6,0xce,0x5c,0x3a,0xf4,0xef,0x64,0x5b,0x21,0x50,0xf8,0xb,0xff,0x70,
  0xcf,0x2,0x10,0xfe,0xc2,0x3f,0x68,0x45,0x41,0x48,0xf1,0xc7,0x4e,0x4f,0xb,0xbc,
  0x57,0xe0,0x67,0xcb,0x9c,0xf,0x42,0xe3,0x11,0xb9,0xaf,0xef,0x4e,0xc2,0xc1,0xa4,
  0xf0,0x17,0xfe,0xfe,0x78,0x4f,0xf5,0x7e,0x16,0x80,0xf0,0x17,0xfe,0xc2,0x3f,0x30,
  0xf8,0x67,0xa2,0x69,0x81,0x39,0xde,0x50,0xa3,0x70,0xee,0x3f,0xc,0xdd,0xf6,0x7b,
  0x7b,0xf,0x6d,0x6b,0xe1,0x2f,0xfc,0x43,0x55,0x0,0x8,0xff,0x0,0xe3,0x1f,0xa2,
  0x4a,0x40,0xf8,0xe7,0xb8,0x6d,0x1b,0x9e,0xbb,0x43,0xe0,0x67,0xcb,0x91,0x27,0xc0,
  0xd1,0xa7,0xe5,0x6e,0xfb,0x61,0xef,0x13,0x20,0xfc,0x43,0x85,0x7f,0x38,0x66,0x1,
  0x8,0x7f,0xe1,0x2f,0xfc,0x83,0x89,0x7f,0xfa,0x7b,0xdb,0x46,0xd8,0xfe,0x67,0x81,
  0x9f,0x2d,0xe7,0x5c,0x35,0x60,0x9f,0x80,0x2c,0xd,0xbc,0x2f,0x1,0x49,0x5b,0xf8,
  0xb,0x7f,0x6f,0x47,0x4,0xbc,0x99,0x5,0x20,0xfc,0x85,0xbf,0xf0,0xf,0x34,0xfe,
  0x99,0xac,0xd7,0xb4,0xc0,0xac,0xa9,0x1d,0xf,0x27,0xff,0xdd,0x10,0xaf,0x39,0xdb,
  0x39,0x14,0x20,0xfc,0x85,0x7f,0xbe,0xdb,0x36,0xa6,0x0,0x10,0xfe,0xc2,0x5f,0xf8,
  0x9b,0x83,0x3f,0x38,0xbb,0x5,0x6e,0xfe,0x9d,0xc0,0xcf,0x96,0xd3,0x3e,0x36,0x60,
  0x9f,0x80,0x2c,0x6d,0xdc,0xd5,0x37,0xc4,0x3e,0x1,0xc2,0x5f,0xf8,0x9b,0x54,0x0,
  0x8,0x7f,0x33,0xf0,0xf,0xdd,0x89,0x80,0x23,0x79,0xec,0x86,0xe3,0x9f,0xc9,0xc6,
  0xfb,0x35,0x2d,0x30,0x5b,0x4a,0xca,0xe0,0xec,0x2b,0x87,0x6e,0xfb,0x81,0xa3,0x0,
  0xc2,0x5f,0xf8,0x17,0x3b,0xc5,0x1b,0x1,0x10,0xfe,0xc2,0x5f,0xf8,0x1b,0x87,0xbf,
  0xd,0x24,0x7b,0x61,0xbd,0xa6,0x5,0x66,0xcd,0xac,0x85,0x79,0xf6,0x9,0xe8,0x1f,
  0xb4,0x4f,0x80,0xf0,0x17,0xfe,0x46,0x16,0x0,0xc2,0x5f,0xf8,0xb,0x7f,0xe3,0xf0,
  0xcf,0x64,0xdb,0x6a,0xd8,0xbb,0x59,0xe0,0x67,0xcb,0xfb,0xf2,0xec,0x13,0xd0,0x9e,
  0xd9,0x27,0x40,0xf8,0xb,0xff,0x30,0x14,0x0,0xc2,0x5f,0xf8,0xb,0x7f,0x73,0xf0,
  0xcf,0x5c,0xa0,0x69,0x81,0xd9,0xd3,0x3c,0x1d,0xde,0x7d,0x41,0xee,0x76,0xec,0xb7,
  0xa1,0xa3,0x57,0xf8,0xb,0xff,0xe2,0xbf,0xdf,0xfa,0x66,0x2f,0x0,0xe1,0x2f,0xfc,
  0x7d,0x5c,0x7,0x8,0xff,0x2,0xde,0x8,0x5b,0x37,0xc2,0xf6,0xc7,0x4,0x7e,0xb6,
  0x2c,0xfc,0xe4,0xa1,0xfb,0x4,0xc,0x6c,0xfb,0xce,0x3e,0xe8,0x4b,0x9,0x7f,0xe1,
  0x6f,0xf0,0x8,0x80,0xf0,0x37,0x3,0xff,0x30,0x14,0x5,0xc2,0xff,0xf0,0x10,0x78,
  0x5e,0xd3,0x2,0xb3,0xa6,0xa2,0x16,0xce,0x5a,0x9a,0xbb,0xed,0x33,0xd3,0x2,0x85,
  0xbf,0xf0,0x37,0xb2,0x0,0x10,0xfe,0xc2,0xdf,0x58,0xfc,0x11,0xfe,0x99,0x1c,0x6c,
  0x85,0x8d,0xbf,0x15,0xf8,0xd9,0x72,0xe2,0x87,0xa0,0x71,0x6a,0xee,0xb6,0x3f,0x38,
  0xdc,0x7d,0x2,0x84,0xbf,0xf0,0xf,0xd2,0x8,0x80,0xf0,0x17,0xfe,0xc2,0xdf,0x5c,
  0xfc,0x33,0xd1,0xb4,0xc0,0x1c,0x6f,0xb6,0x3,0xf7,0x9,0xc8,0xd1,0xf6,0x5,0xef,
  0x13,0x20,0xfc,0x85,0x7f,0xd0,0xb,0x0,0xe1,0x2f,0xfc,0x4d,0x2d,0x18,0xc2,0x8a,
  0x3f,0x38,0xd3,0x2,0x9f,0x5f,0xa6,0xbe,0x91,0x2d,0xd3,0xe6,0xc0,0xd1,0xf3,0x72,
  0xb7,0x6f,0x32,0x5,0xfb,0x13,0x87,0xdf,0xf6,0xc2,0x5f,0xf8,0x7,0xa2,0x0,0x10,
  0xfe,0xc2,0x5f,0xf8,0x9b,0x87,0x7f,0xe6,0xf2,0xd7,0x34,0x2d,0x30,0x67,0xce,0xfd,
  0x2c,0xc4,0x4a,0x72,0xb7,0xef,0xbe,0x84,0x33,0x33,0x40,0xf8,0x87,0x13,0xff,0x70,
  0x6c,0x6,0x24,0xfc,0x85,0xbf,0xf0,0x37,0x12,0xff,0xcc,0x3f,0xd6,0x69,0x5a,0x60,
  0xd6,0xd4,0x4d,0x80,0x53,0x2e,0xce,0xdd,0x8e,0xa9,0x5c,0xfb,0x4,0x8,0x7f,0xe1,
  0x1f,0xf4,0x2,0x40,0xf8,0x7,0x1f,0x7f,0x3b,0xe4,0x65,0x81,0xf0,0x2f,0xec,0xf7,
  0xdb,0x36,0xc2,0x36,0x4d,0xb,0xcc,0x9a,0xd3,0x17,0x43,0x75,0x43,0xee,0xeb,0xbb,
  0xfa,0xa0,0xb7,0x5f,0xf8,0xb,0x7f,0x83,0xa,0x0,0xe1,0x6f,0x0,0xfe,0xb6,0xf0,
  0x17,0xfe,0x85,0xdf,0xf6,0x73,0x9a,0x16,0x98,0x35,0xf1,0x32,0x38,0xe7,0xca,0xa1,
  0x7f,0xe7,0xcd,0x51,0x0,0xe1,0x2f,0xfc,0x83,0x5e,0x0,0x8,0x7f,0xe1,0x2f,0xfc,
  0xc3,0x85,0x3f,0x68,0x5a,0xe0,0x50,0x99,0x7d,0xe,0x4c,0x9e,0x95,0xfb,0xfa,0x44,
  0x3f,0x1c,0x48,0x8,0x7f,0xe1,0x6f,0xc8,0x8,0x80,0xf0,0x17,0xfe,0xc2,0x3f,0x3c,
  0xf8,0x67,0xf2,0xd2,0x6f,0xa0,0xbb,0x4d,0xe0,0x67,0xcb,0xf9,0xd7,0x80,0x35,0xc4,
  0xbb,0xf0,0xde,0x44,0x7a,0x9f,0x0,0xe1,0x1f,0x1e,0xfc,0x8b,0xf8,0x56,0x5b,0xfc,
  0x2,0x40,0xf8,0xb,0x7f,0xe1,0x1f,0x1a,0xfc,0xb1,0xa1,0xbf,0xd7,0x39,0x14,0xa0,
  0x1c,0x9a,0x9,0x33,0xe0,0x84,0xf3,0x72,0xb7,0x65,0xca,0x86,0x8e,0x84,0xf0,0xf,
  0x13,0xfe,0xe6,0xce,0x2,0x10,0xfe,0xc2,0x5f,0xf8,0x87,0xa,0xff,0x4c,0x5e,0xd5,
  0xb4,0xc0,0x9c,0x59,0xf8,0x29,0x28,0x1b,0x93,0xbb,0x2d,0xb,0xd9,0x27,0x40,0xf8,
  0xb,0x7f,0x7f,0x17,0x0,0xc2,0x5f,0xf8,0xb,0xff,0x50,0xe2,0x9f,0x79,0xd,0x3d,
  0xfd,0x13,0x34,0xaf,0x34,0x4b,0xc6,0xd4,0xe5,0xd8,0x27,0x60,0x40,0x86,0xda,0x27,
  0x40,0xf8,0xb,0xff,0x40,0x8c,0x0,0x8,0x7f,0x33,0xf0,0xf,0xf3,0x92,0xc0,0xc2,
  0xff,0x30,0xf0,0x4f,0xa7,0x6d,0x13,0xbc,0xa6,0x69,0x81,0x59,0x33,0xf7,0x42,0x68,
  0x98,0x92,0xbb,0x8d,0xbb,0xfb,0xb3,0xef,0x13,0x20,0xfc,0x85,0x7f,0x20,0xa,0x0,
  0xe1,0x2f,0xfc,0x85,0x7f,0x78,0xf1,0xcf,0x44,0xd3,0x2,0xb3,0x27,0x1a,0x83,0xf3,
  0x3e,0x37,0x74,0x1b,0xb7,0xf,0x1a,0x5,0x10,0xfe,0xc2,0x3f,0x50,0x23,0x0,0xc2,
  0x5f,0xf8,0x9b,0x56,0x14,0x8,0xff,0xe1,0xf5,0xbb,0xae,0x56,0x78,0xe9,0x7e,0x81,
  0x9f,0x2d,0x47,0x9d,0x8,0x47,0x9f,0x9a,0xbb,0x8d,0x93,0xf6,0x5b,0xfb,0x4,0x8,
  0x7f,0xe1,0x1f,0xe8,0x2,0x40,0xf8,0xb,0x7f,0xe1,0x1f,0x2e,0xfc,0x33,0x97,0xbf,
  0x74,0x3f,0x1c,0xd4,0xb4,0xc0,0xac,0x79,0x5f,0x1,0xfb,0x4,0x24,0x6d,0xe1,0x6f,
  0x32,0xfe,0xe1,0xdb,0xb,0x40,0xf8,0xb,0x7f,0xe1,0x1f,0xa,0xfc,0x41,0xd3,0x2,
  0x87,0x4a,0xfd,0x4,0x38,0xe5,0xa3,0x43,0xec,0x13,0x80,0x73,0x28,0x40,0xf8,0xb,
  0xff,0x40,0x16,0x0,0xc2,0x5f,0xf8,0xb,0xff,0xf0,0xe2,0x9f,0xc9,0xab,0xab,0x9d,
  0x93,0x2,0x95,0x43,0x73,0xe6,0x12,0xa8,0x6a,0xc8,0xdd,0x8e,0x5d,0x49,0xe8,0x4d,
  0xa,0x7f,0xe1,0x1f,0xb0,0x2,0x40,0xf8,0xb,0x7f,0xe1,0x2f,0xfc,0x1,0xec,0x14,
  0x3c,0xfd,0x53,0x34,0x2d,0x30,0x4b,0xe2,0xe5,0x70,0xee,0x95,0x43,0xbf,0xde,0x7,
  0xee,0x16,0x28,0xfc,0x85,0xbf,0xef,0xb,0x0,0xe1,0x6f,0x6,0xfe,0x61,0x9e,0x5,
  0x20,0xfc,0xdd,0xea,0x77,0xce,0xf7,0xd6,0x8d,0x9a,0x16,0x98,0x2b,0xb3,0xcf,0x86,
  0xc9,0xc7,0xe4,0x7e,0xbd,0x27,0x52,0x70,0xa0,0x4f,0xf8,0xb,0xff,0x0,0x8d,0x0,
  0x8,0x7f,0xe1,0x6f,0x44,0x61,0x20,0xfc,0x5d,0x7b,0xec,0xeb,0xee,0x76,0xce,0x9,
  0x50,0xde,0x1e,0xcb,0x82,0xb,0xae,0x1,0xac,0xdc,0x8d,0xda,0x3e,0x9c,0x7d,0x2,
  0x84,0xbf,0xf0,0xf7,0xb2,0x0,0xb0,0x62,0x71,0xe1,0x6f,0xa,0xfe,0x21,0xac,0x4,
  0x84,0xbf,0xfb,0xf8,0x83,0x33,0x1b,0x40,0xd3,0x2,0xb3,0x67,0xe2,0xcc,0x1,0xfb,
  0x4,0x64,0x79,0xee,0xfb,0x6d,0x67,0x56,0x80,0xf0,0x37,0xb,0xff,0x68,0x49,0xdc,
  0xbc,0x2,0x20,0x5a,0x5e,0x25,0xfc,0x85,0xbf,0xf0,0x17,0xfe,0x87,0xe4,0x45,0x4d,
  0xb,0xcc,0x99,0xf7,0x5e,0x1,0xa5,0x15,0xb9,0xdb,0x38,0xef,0x3e,0x1,0xc2,0x3f,
  0x70,0x9f,0xfc,0x4b,0x2a,0xaa,0xcc,0x2b,0x0,0x22,0xe5,0xd5,0xc2,0x5f,0xf8,0xb,
  0x7f,0xe1,0x7f,0xc8,0xff,0x49,0xf6,0xc2,0xba,0x7b,0x84,0x7d,0xb6,0x8c,0xa9,0x83,
  0x5,0x4b,0x73,0xb7,0xb1,0xcd,0xa1,0x2b,0x4,0xa,0xff,0xe0,0xe2,0x6f,0x3,0xa5,
  0x15,0xd5,0xe6,0x8e,0x0,0x8,0xff,0xe0,0xe3,0x1f,0x96,0x3a,0x40,0xf8,0x8f,0x3e,
  0xfe,0x99,0x68,0x5a,0x60,0xee,0x9c,0xfc,0xe1,0xfc,0xfb,0x4,0x74,0x27,0x85,0xbf,
  0x9,0xf8,0x63,0x43,0xdc,0xcc,0x11,0x80,0x2a,0xe1,0x2f,0xfc,0x8d,0xc5,0x1f,0xe1,
  0x3f,0xb2,0xc7,0x6e,0xc3,0xdf,0x34,0x2d,0x30,0xfb,0x87,0xa7,0x18,0x9c,0xff,0xb9,
  0xa1,0x7f,0xe7,0x6d,0xa3,0x0,0xc2,0x3f,0xb0,0xf8,0x3,0xc4,0xc7,0x18,0x7e,0x8,
  0x40,0xf8,0xb,0x7f,0xe1,0x2f,0xfc,0x7,0xa7,0x65,0xa3,0x33,0x12,0xa0,0x1c,0x9a,
  0x19,0x73,0xe1,0xe8,0x79,0xb9,0xaf,0x4f,0xda,0xd0,0x99,0x10,0xfe,0x41,0xc7,0x1f,
  0xa0,0x74,0x8c,0x89,0x87,0x0,0xca,0xaa,0x84,0xbf,0xf0,0x17,0xfe,0xc2,0x7f,0xc8,
  0xcb,0x9f,0xb9,0xc7,0x39,0x27,0x40,0x39,0x34,0xe7,0xff,0x3,0x44,0x4b,0x72,0x5f,
  0x7f,0xc8,0x3e,0x1,0xc2,0x3f,0x70,0xf8,0x83,0xc1,0x87,0x0,0x84,0xbf,0xf0,0xf,
  0x56,0x15,0x20,0xfc,0x8b,0x7a,0xbe,0x3,0x70,0x50,0xbb,0x5,0xe6,0xcc,0xd8,0x89,
  0x70,0xea,0x47,0x73,0x37,0x62,0xca,0x86,0x8e,0x5e,0xe1,0x1f,0x64,0xfc,0xc1,0xd0,
  0x59,0x0,0xd1,0x1,0x67,0x36,0xa,0x7f,0xe1,0x1f,0xd0,0x5a,0x40,0xf8,0x8f,0x22,
  0xfe,0x99,0x7f,0xbc,0xf8,0x1b,0x4d,0xb,0xcc,0x95,0xb3,0x96,0x40,0xd5,0xd8,0xdc,
  0xcf,0x7b,0x57,0x12,0x7a,0xfb,0x85,0x7f,0x50,0xf1,0xb7,0x81,0xd2,0x4a,0x3,0xf,
  0x1,0x44,0xd2,0x87,0x0,0x84,0xbf,0xf0,0x17,0xfe,0xc2,0x7f,0xa8,0x7e,0x97,0xec,
  0x85,0x67,0xee,0x16,0xf6,0xd9,0x52,0x5a,0x31,0x68,0x9f,0x80,0x2c,0xcf,0x7b,0x66,
  0xb7,0x40,0xe1,0x1f,0x3c,0xfc,0xa1,0xb8,0x87,0x0,0x62,0x45,0xbb,0xa1,0x9a,0x6,
  0xe1,0x6f,0x8,0xfe,0x3d,0x7b,0x61,0xdb,0x8a,0xe1,0xf7,0x81,0x64,0xca,0x59,0xb8,
  0xc4,0x2f,0x60,0x67,0x7b,0x33,0x68,0x7d,0x55,0xf8,0x7b,0x89,0x7f,0xe6,0x9f,0x5b,
  0x57,0x43,0xf5,0x44,0x28,0xa9,0xc8,0xfd,0xb7,0x7b,0xfb,0x9d,0x2f,0x37,0x9e,0xf7,
  0x62,0xf7,0xbb,0x91,0xfc,0x2d,0x3b,0xe5,0x14,0x2,0xbd,0x5d,0xd9,0x7f,0x3f,0x91,
  0x7e,0x9d,0x55,0x96,0x8,0xff,0xa0,0xe1,0xf,0x50,0x51,0xdb,0x68,0x5e,0x1,0x50,
  0x3a,0x61,0x86,0xf0,0x37,0x0,0x7f,0x1b,0x38,0xb8,0xb,0x36,0xdd,0x33,0xfc,0xc7,
  0xde,0x9d,0x84,0x1d,0x5d,0x87,0xf,0x10,0x23,0x79,0xb3,0x71,0x9,0x60,0xe1,0x3f,
  0xfa,0xf8,0x67,0x7e,0x78,0xf6,0xe7,0x43,0xff,0x2d,0xdb,0x86,0xed,0x5d,0xd0,0x9f,
  0x1a,0xfd,0xb6,0x77,0xab,0xdf,0x1d,0xce,0xfb,0xd,0x87,0xf1,0xbc,0xef,0x4b,0x40,
  0x45,0xc,0x22,0x96,0xf0,0xf,0x12,0xfe,0x0,0x63,0xa7,0xce,0x28,0x5a,0x1,0x50,
  0xb4,0x43,0x0,0x65,0x13,0x66,0xa,0x7f,0x3,0xf0,0x77,0xe3,0xb1,0xb,0x7f,0xe1,
  0xef,0xa,0x42,0x40,0x7d,0x5c,0xf8,0x67,0xfb,0x3b,0x43,0xee,0x13,0x20,0xfc,0x7d,
  0x8b,0x3f,0x40,0xfd,0x94,0x99,0xe6,0x15,0x0,0xf1,0x86,0xc9,0x44,0x4a,0xca,0x84,
  0xbf,0xf0,0x17,0xfe,0xc2,0xdf,0xb5,0xd7,0xdc,0x98,0x12,0x28,0x8d,0xa,0xff,0x6c,
  0x7f,0xe7,0x40,0xb6,0x7d,0x2,0x84,0xbf,0xaf,0xf1,0x8f,0xc5,0xcb,0xa8,0x1e,0x37,
  0xd9,0xbc,0x2,0x0,0x2b,0x42,0xe9,0x84,0xe9,0xc2,0x5f,0xf8,0xb,0x7f,0xe1,0xef,
  0xea,0x6b,0xae,0xbe,0x54,0xf8,0xdb,0x39,0x2e,0x1b,0xbc,0x42,0xa0,0xf0,0xf7,0x2f,
  0xfe,0x0,0x75,0x53,0xa6,0x63,0x45,0x8a,0xc7,0x72,0xf1,0x6e,0x9,0x28,0x9d,0x30,
  0x53,0xf8,0xb,0x7f,0xe1,0x2f,0xfc,0x5d,0xbd,0xfd,0xd2,0xa8,0x33,0x12,0x20,0xfc,
  0xf,0xcd,0x9b,0xfb,0x4,0x8,0x7f,0xdf,0xe3,0x6f,0x3,0x63,0xa7,0x16,0x6f,0xf8,
  0xdf,0x83,0x2,0x60,0x86,0xf0,0x17,0xfe,0xc2,0x5f,0xf8,0xbb,0x7e,0xfb,0xb5,0xa5,
  0x60,0x59,0xc2,0x3f,0xdb,0x75,0x83,0x77,0xb,0x14,0xfe,0xfe,0xc4,0x1f,0xa0,0x7e,
  0x4a,0xf1,0x4e,0x0,0x2c,0x7a,0x1,0x50,0x36,0xb0,0x0,0x10,0xfe,0xc2,0x5f,0xf8,
  0xb,0x7f,0x97,0x6e,0x3f,0x66,0x41,0x4d,0x5c,0xf8,0x67,0x7b,0xec,0xc9,0x54,0x7a,
  0x9f,0x0,0xe1,0xef,0x6b,0xfc,0x31,0x7d,0x4,0xe0,0xcd,0x2,0x40,0xf8,0xb,0x7f,
  0xe1,0x2f,0xfc,0x5d,0xbe,0xfd,0x9a,0x12,0x88,0x45,0x84,0x7f,0xb6,0xc7,0xbe,0xbf,
  0xef,0x30,0xf6,0x9,0x10,0xfe,0x45,0xc5,0x3f,0x4,0x23,0x0,0x33,0x85,0xbf,0xf0,
  0x17,0xfe,0xc2,0x7f,0x54,0x6e,0xdf,0xb2,0xa0,0x2e,0x2e,0xfc,0xb3,0xfd,0x52,0xbf,
  0xd,0x1d,0x9,0xe1,0xef,0x67,0xfc,0x1,0xc6,0x4e,0x29,0xee,0x8,0x40,0xac,0x98,
  0x37,0x16,0xad,0xac,0x23,0xde,0x30,0x85,0xde,0xd6,0x6d,0xc2,0x3f,0x84,0xf8,0xc7,
  0x22,0x50,0x53,0x3a,0xfc,0x4f,0x21,0x30,0x82,0xb6,0x2f,0x12,0x40,0xf1,0xa8,0xf0,
  0xf7,0x12,0xff,0x4c,0x2a,0x4a,0xa0,0x36,0xe5,0x6c,0x8c,0x53,0xec,0xb6,0xc7,0xad,
  0xc7,0x3e,0x4a,0x5b,0xfa,0x5a,0x38,0xed,0x92,0x59,0x1c,0x48,0xf8,0xfb,0xb,0xff,
  0xea,0x71,0x53,0x28,0xab,0xae,0x33,0xb7,0x0,0x0,0xa8,0x9a,0xbd,0x80,0xde,0x95,
  0x77,0x9,0xff,0x10,0x7e,0xf2,0x8f,0x45,0xa0,0xb1,0xcc,0x9d,0x4f,0x21,0x7e,0xc2,
  0x5f,0x9f,0xfc,0xfd,0x81,0x7f,0xe6,0xf2,0xda,0xb8,0xc7,0x6d,0xef,0x43,0xfc,0xf5,
  0xc9,0xdf,0xdf,0xf8,0x63,0xc3,0x11,0x73,0x16,0x14,0x9b,0xe3,0xe2,0x1e,0x2,0x0,
  0xa8,0x3a,0x76,0xbe,0xf0,0xf,0x21,0xfe,0x6e,0xbe,0x11,0x9,0x7f,0xe1,0xef,0xdb,
  0xb6,0x17,0xfe,0xc2,0xff,0x30,0x1f,0xfb,0x11,0x27,0x86,0xa2,0x0,0x58,0x20,0xfc,
  0x85,0xbf,0xf0,0x17,0xfe,0xc2,0x5f,0xf8,0xb,0xff,0x1,0x8f,0x3d,0x14,0x5,0x40,
  0xbc,0x7e,0xe2,0xdb,0xa6,0x3,0xa,0x7f,0xe1,0x2f,0xfc,0x85,0xbf,0xf0,0x17,0xfe,
  0x61,0xc6,0xbf,0x7e,0xca,0xc,0xaa,0x1a,0x27,0x9a,0x5f,0x0,0xc,0x1c,0x5,0x10,
  0xfe,0xc2,0x5f,0xf8,0xb,0x7f,0xe1,0x2f,0xfc,0xc3,0x8c,0x3f,0xc0,0x91,0x1e,0x7c,
  0xfa,0xcf,0x14,0x0,0x89,0xa2,0x17,0x0,0xb3,0xce,0x12,0xfe,0xc2,0x5f,0xf8,0xb,
  0x7f,0xe1,0x2f,0xfc,0x43,0x8f,0x3f,0xc0,0xd4,0x39,0xf3,0xbd,0xf0,0x3f,0x11,0x1,
  0x3a,0x8b,0x7d,0xab,0xd5,0xc7,0xce,0xcf,0xba,0x6e,0xa7,0xf0,0x17,0xfe,0xc2,0x5f,
  0xf8,0xb,0x7f,0xe1,0x1f,0x26,0xfc,0xb1,0x2c,0x8e,0x78,0x8f,0x27,0x5,0x40,0x67,
  0x4,0xd8,0x5f,0xec,0x5b,0x8d,0x55,0x37,0x52,0x3e,0x65,0x96,0xf0,0x17,0xfe,0xc2,
  0x5f,0xf8,0xb,0x7f,0xe1,0x1f,0x5e,0xfc,0x81,0xa6,0x69,0xb3,0xa8,0xa8,0x6b,0xf4,
  0xa2,0x0,0xd8,0xef,0xc9,0x8,0x80,0x33,0xa,0xb0,0x50,0xf8,0xb,0x7f,0xe1,0x2f,
  0xfc,0x85,0xbf,0xf0,0xf,0x2d,0xfe,0x0,0x47,0x9c,0xb8,0x10,0x8f,0xd2,0x25,0xc1,
  0xa0,0xa9,0x0,0x0,0xf,0xc1,0x49,0x44,0x41,0x54,0xe9,0x59,0x1,0x50,0x3f,0xef,
  0x22,0xe1,0x2f,0xfc,0x85,0xbf,0xf0,0x17,0xfe,0xc2,0x3f,0xb4,0xf8,0x3,0xbc,0xeb,
  0xec,0x8f,0x7a,0x5a,0x0,0xec,0xf7,0xe2,0x96,0x2b,0x8f,0x9e,0x47,0xbc,0x79,0x9a,
  0xf0,0x17,0xfe,0xc2,0x5f,0xf8,0xb,0x7f,0xe1,0x1f,0x4a,0xfc,0x6b,0x27,0x4d,0x63,
  0xd2,0xec,0x79,0x5e,0x15,0x0,0xde,0x1d,0x2,0x0,0x68,0x38,0x73,0xb1,0xf0,0x17,
  0xfe,0xc2,0x5f,0xf8,0xb,0x7f,0xe1,0x1f,0x3a,0xfc,0x6d,0x60,0xf6,0xf9,0x4b,0xf0,
  0x30,0x9d,0xbe,0x2b,0x0,0x84,0xbf,0xf0,0x17,0xfe,0xc2,0x5f,0xf8,0xb,0x7f,0xd3,
  0xf1,0x7,0x38,0xf6,0xbc,0xc5,0x9e,0x17,0x0,0xfb,0xbd,0xba,0xf5,0xd2,0xe6,0x69,
  0x54,0x1e,0x3d,0x4f,0xf8,0xb,0x7f,0xe1,0x2f,0xfc,0x85,0xbf,0xf0,0xf,0x15,0xfe,
  0x93,0x66,0xcf,0xa3,0x6e,0xd2,0x34,0x2f,0xb,0x0,0x6f,0xf,0x1,0x0,0x34,0x9c,
  0xb5,0x58,0xf8,0xb,0x7f,0xe1,0x2f,0xfc,0x85,0xbf,0xf0,0xf,0xd,0xfe,0xe0,0xf9,
  0xf0,0xff,0x9b,0x23,0x0,0x2d,0x5e,0xde,0x83,0xfa,0x53,0x2f,0x86,0x58,0x5c,0xf8,
  0xb,0x7f,0xe1,0x2f,0xfc,0x85,0xbf,0xf0,0xf,0x5,0xfe,0xd1,0x92,0x38,0xc7,0x9c,
  0x73,0xb1,0xd7,0x5,0x40,0x4b,0x4,0xd8,0xe4,0xe5,0x3d,0x88,0x55,0xd6,0x51,0x37,
  0x67,0x91,0xf0,0x17,0xfe,0xc2,0x5f,0xf8,0xb,0x7f,0xe1,0x6f,0x3c,0xfe,0x0,0xd3,
  0x4f,0x5b,0x44,0x59,0x75,0x9d,0xd7,0x5,0xc0,0xa6,0x8,0xb0,0xd1,0xeb,0x7b,0x91,
  0x39,0xc,0x20,0xfc,0x85,0xbf,0xf0,0x17,0xfe,0xc2,0x5f,0xf8,0x9b,0x8c,0x3f,0xf8,
  0x62,0xf8,0x1f,0x60,0x63,0x4,0xd8,0xe,0xf4,0x78,0x79,0x2f,0x6a,0xe7,0x2c,0xa2,
  0x74,0xdc,0x91,0xc2,0x5f,0xf8,0xb,0x20,0xe1,0x2f,0xfc,0x85,0xbf,0xd1,0xf8,0xd7,
  0x4e,0x38,0x92,0xe9,0xa7,0x2f,0xf2,0x1a,0xff,0x1e,0x60,0x7b,0x4,0x48,0x1,0x9b,
  0xbd,0xbc,0x27,0x56,0x34,0xc6,0x84,0xf,0x7f,0x49,0xf8,0xb,0x7f,0xe1,0x2f,0xfc,
  0x85,0xbf,0xf0,0x37,0x16,0x7f,0x80,0x53,0x97,0x7e,0x99,0x48,0x34,0xe6,0x75,0x1,
  0xb0,0x19,0x48,0x45,0x32,0x43,0x1,0x5e,0xdf,0x9b,0xc6,0x5,0x4b,0x89,0x8f,0x9d,
  0x24,0xfc,0x85,0xbf,0xf0,0x17,0xfe,0xc2,0x5f,0xf8,0x1b,0x89,0x7f,0x55,0xd3,0x24,
  0x8e,0x5b,0xb4,0x14,0x1f,0x64,0x23,0x40,0xa6,0x0,0xd8,0xe4,0xf5,0xbd,0xb1,0x62,
  0x71,0x26,0x5c,0xf8,0x5,0xe1,0x2f,0xfc,0x85,0xbf,0xf0,0x17,0xfe,0xc2,0xdf,0x38,
  0xfc,0x6d,0x60,0xde,0x92,0xeb,0x88,0x96,0xc4,0xfd,0x50,0x0,0x6c,0x1a,0x58,0x0,
  0x6c,0xf4,0xc3,0x3d,0x6a,0x3a,0xe7,0xa,0x4a,0x6a,0x9a,0x84,0xbf,0xf0,0x17,0xfe,
  0xc2,0x5f,0xf8,0xb,0x7f,0xa3,0xf0,0x1f,0x53,0xdf,0xc4,0x9,0x17,0x5e,0x81,0x4f,
  0xb2,0xd1,0x77,0x5,0x40,0x24,0x5e,0xce,0xf8,0xf,0xfd,0xb3,0xf0,0x17,0xfe,0xc2,
  0x5f,0xf8,0xb,0x7f,0xe1,0x6f,0xc,0xfe,0x0,0xa7,0x5c,0x7a,0x2d,0xb1,0xd2,0x72,
  0xbf,0x14,0x0,0x6f,0x1b,0x1,0xd8,0xe4,0x97,0x7b,0x35,0xee,0x7d,0x57,0x11,0xad,
  0xac,0x17,0xfe,0xc2,0x5f,0xf8,0xb,0x7f,0xe1,0x2f,0xfc,0x8d,0xc0,0xbf,0xbc,0xaa,
  0x9e,0x39,0x17,0x5d,0x85,0x8f,0xf2,0xb6,0x11,0x80,0x76,0x60,0x9b,0x1f,0xee,0x55,
  0xb4,0xbc,0x8a,0xf1,0x8b,0x3e,0x27,0xfc,0x85,0xbf,0xf0,0x17,0xfe,0xc2,0x5f,0xf8,
  0x7,0x1e,0x7f,0x6c,0x98,0x7b,0xc9,0x35,0xc4,0x2b,0xaa,0xfc,0x82,0xff,0xb6,0xb4,
  0xf9,0x6f,0x16,0x0,0x0,0x2b,0xfd,0x72,0xef,0x9a,0x17,0x5d,0x43,0xb4,0xa2,0x46,
  0xf8,0xb,0x7f,0xe1,0x2f,0xfc,0x85,0xbf,0xf0,0xf,0x34,0xfe,0xa5,0x95,0x35,0x9c,
  0x74,0xc9,0x35,0x7e,0xfa,0xf4,0xff,0xa6,0xf5,0xbe,0x2c,0x0,0x62,0x95,0x75,0x4c,
  0xb9,0xf4,0xeb,0xc2,0x5f,0xf8,0xb,0x7f,0xe1,0x2f,0xfc,0x85,0x7f,0x60,0xf1,0x7,
  0x58,0x70,0xf5,0xf5,0x7e,0x58,0xf6,0x37,0x38,0x5,0x0,0x40,0xf3,0xf9,0x57,0x53,
  0x31,0xed,0x4,0xe1,0x2f,0xfc,0x85,0xbf,0xf0,0x17,0xfe,0xc2,0x3f,0x90,0xf8,0x8f,
  0x3f,0xfa,0x4,0xe6,0x5c,0x74,0x35,0x3e,0x4b,0xd6,0x2,0x60,0x27,0x3e,0x3a,0x19,
  0x10,0x2b,0xc2,0xb4,0xcf,0xdc,0x6,0x56,0x44,0xf8,0xb,0x7f,0xe1,0x2f,0xfc,0x85,
  0xbf,0xf0,0xf,0x14,0xfe,0x56,0x24,0xc2,0xf9,0xff,0x72,0x3b,0x56,0x24,0xe2,0x27,
  0xfc,0x37,0xa5,0xad,0x3f,0xa4,0x0,0xf0,0xdd,0x28,0x40,0xe5,0xf4,0xb9,0x34,0x9f,
  0xfb,0x69,0xe1,0x2f,0xfc,0x85,0xbf,0xf0,0x17,0xfe,0xc2,0x3f,0x30,0xf8,0x3,0x9c,
  0x70,0xe1,0xa7,0x99,0x78,0xcc,0x5c,0xdf,0x7e,0xfa,0xcf,0x56,0x0,0xac,0xf2,0xdb,
  0xbd,0x9d,0xb2,0xf8,0x6,0x4a,0xaa,0x1b,0x85,0xbf,0xf0,0x17,0xfe,0xc2,0x5f,0xf8,
  0xb,0xff,0x40,0xe0,0x5f,0x51,0xd7,0xc8,0xc2,0xcf,0x7e,0x3,0x1f,0x66,0x55,0xbe,
  0x2,0xc0,0xf6,0xd3,0xbd,0x8d,0x55,0xd6,0x31,0x75,0xe9,0x77,0x84,0xbf,0xf0,0x17,
  0xfe,0xc2,0x5f,0xf8,0xb,0x7f,0xdf,0xe3,0xf,0x70,0xce,0xe7,0x6f,0xf4,0xdb,0x89,
  0x7f,0x99,0x7b,0x39,0x64,0x1,0xd0,0x2,0xac,0xf7,0xdb,0xbd,0x6e,0x5a,0x70,0x19,
  0xd5,0xef,0x3a,0x5d,0xf8,0xb,0x7f,0xe1,0x2f,0xfc,0x85,0xbf,0xf0,0xf7,0x35,0xfe,
  0x93,0x8f,0x3f,0x9d,0xe3,0x16,0x5d,0xe6,0xc7,0x4f,0xff,0xeb,0xd3,0xc6,0xe7,0x2c,
  0x0,0x0,0x1e,0xf6,0xe3,0x3d,0x9f,0xf6,0x99,0x1f,0x60,0xa5,0xb7,0x50,0x14,0xfe,
  0xc2,0x5f,0xf8,0xb,0x7f,0xe1,0x2f,0xfc,0xfd,0x86,0xbf,0x15,0x8d,0x71,0xc1,0x97,
  0x6f,0xc3,0xa7,0x39,0xc4,0xf6,0x6c,0x5,0xc0,0x7d,0x7e,0xbc,0xe7,0x15,0x53,0x67,
  0x31,0x75,0xf1,0xf5,0xc2,0x5f,0xf8,0xb,0x7f,0xe1,0x2f,0xfc,0x85,0xbf,0xef,0xf0,
  0xb7,0x81,0x5,0x9f,0xbd,0x81,0xa6,0x69,0xb3,0xfc,0x5a,0x0,0x1c,0x62,0xbb,0x95,
  0x3,0xbb,0x97,0x81,0x69,0xbe,0xbb,0xfb,0xb6,0xcd,0xb,0x5f,0x5f,0x44,0xfb,0xdf,
  0x56,0x8,0x7f,0xe1,0x2f,0xfc,0x85,0xbf,0xf0,0x17,0xfe,0xbe,0xc1,0xff,0xa8,0x79,
  0xe7,0x71,0xe9,0x2d,0xf,0x80,0x65,0xf9,0x11,0xff,0x2d,0xc0,0x51,0x85,0x8c,0x0,
  0x0,0x2c,0xf3,0x65,0xfd,0x62,0x59,0xcc,0xf8,0xc7,0xbb,0x89,0x8f,0x9d,0x28,0xfc,
  0x85,0xbf,0xf0,0x57,0xdb,0xb,0x7f,0xe1,0xef,0xb,0xfc,0xab,0x9a,0x26,0x72,0xe1,
  0xbf,0xdf,0xe3,0x57,0xfc,0x73,0x9a,0x9e,0xab,0x0,0xb8,0xd7,0xaf,0x8f,0xa2,0xa4,
  0xba,0x81,0x99,0xd7,0xfe,0xc,0x2b,0x12,0x15,0xfe,0xc2,0x5f,0xf8,0xb,0x7f,0xe1,
  0x2f,0xfc,0x3d,0xc5,0xdf,0x8a,0x44,0xf9,0xc8,0xf5,0x3f,0xa7,0xa2,0xb6,0x1,0x1f,
  0xe7,0xde,0xe1,0x14,0x0,0x5b,0x80,0x35,0x7e,0x7d,0x24,0x35,0xc7,0x9c,0xc1,0x94,
  0x8f,0xfd,0x7f,0xc2,0x5f,0xf8,0xb,0x7f,0xe1,0x2f,0xfc,0x85,0xbf,0x67,0xf8,0x3,
  0xcc,0xff,0xcc,0xbf,0x31,0xf5,0x84,0x33,0xfc,0x8c,0xff,0x9a,0xb4,0xe9,0x5,0x17,
  0x0,0x39,0x87,0xc,0xfc,0x92,0xc9,0x17,0xfd,0xb,0xb5,0xc7,0x9d,0x2d,0xfc,0x85,
  0xbf,0xf0,0x17,0xfe,0xc2,0x5f,0xf8,0x7b,0x82,0xff,0x3b,0xe6,0x9e,0xcd,0x69,0x4b,
  0xff,0x5,0x9f,0x27,0xa7,0xe5,0xd6,0x10,0x0,0xd6,0x1,0xbb,0x80,0xb8,0x5f,0x1f,
  0x55,0xa2,0x63,0x37,0xcf,0x7c,0xfe,0x78,0x12,0xed,0xbb,0x84,0xbf,0xf0,0x17,0xfe,
  0xc2,0x5f,0xf8,0xb,0xff,0xa2,0xe1,0x5f,0x39,0xb6,0x99,0xcf,0xfc,0x62,0x1d,0x63,
  0xea,0xc7,0xf9,0x19,0xff,0x4,0xd0,0xc,0xb4,0xf,0x77,0x4,0xa0,0x1d,0x58,0xee,
  0xe7,0x47,0x16,0xaf,0x1d,0xc7,0xcc,0x2f,0xfc,0xc,0x2b,0x1a,0x13,0xfe,0xc2,0x5f,
  0xf8,0xb,0x7f,0xe1,0x2f,0xfc,0x8b,0x82,0x7f,0x24,0x1a,0xe3,0x23,0x37,0xfc,0xdc,
  0xef,0xf8,0x93,0x36,0xbc,0x3d,0xd7,0x95,0xf9,0xb6,0x29,0x5a,0xe6,0xf7,0x47,0x57,
  0x7b,0xec,0x7c,0xa6,0x5f,0xf3,0xd3,0xac,0x67,0x5f,0xa,0x7f,0xe1,0x2f,0xfc,0x85,
  0xbf,0xf0,0x17,0xfe,0xae,0xb6,0xbb,0x65,0xf1,0xc1,0xaf,0xdd,0xc1,0x11,0x73,0xe6,
  0x13,0x80,0xc,0x69,0x78,0xbe,0x2,0x60,0x39,0xb0,0xd5,0xef,0x8f,0x70,0xdc,0xfc,
  0x25,0xbc,0x63,0xe9,0xb7,0x85,0xbf,0xf0,0x17,0xfe,0xc2,0x5f,0xf8,0xb,0xff,0xd1,
  0xc3,0x1f,0x38,0xe7,0x9a,0xef,0x30,0xfb,0xfc,0x25,0x41,0xc0,0x7f,0x2b,0x79,0x46,
  0xf1,0xf3,0x15,0x0,0x49,0xe0,0x5b,0x41,0x78,0xa4,0x93,0x2e,0xfc,0x2,0x93,0x3e,
  0x74,0xad,0xf0,0x17,0xfe,0xc2,0x5f,0xf8,0xb,0x7f,0xe1,0x3f,0x2a,0xf8,0x9f,0xb2,
  0xf8,0x5a,0xe6,0x2d,0xf9,0x2,0x1,0xc9,0xb7,0xd2,0x86,0xe7,0xcc,0x50,0x27,0x1,
  0x66,0x12,0xc7,0x99,0x42,0x30,0xc9,0xf7,0xf,0xd7,0xb6,0xd9,0xf0,0xbd,0xa5,0xec,
  0x5e,0xb5,0x4c,0xf8,0xb,0x7f,0xe1,0x2f,0xfc,0x85,0xbf,0xf0,0x77,0xad,0xdd,0x67,
  0x9f,0xbf,0x84,0xb,0xff,0xed,0x6e,0x3f,0x2f,0xf6,0x33,0x30,0x3b,0x70,0x56,0xf3,
  0x4d,0x8c,0x64,0x4,0x80,0xf4,0x1f,0xb8,0x31,0x10,0xf5,0x8e,0x65,0x31,0xf3,0x9a,
  0x9f,0x52,0xff,0x9e,0xf3,0x84,0xbf,0xf0,0x17,0xfe,0xc2,0x5f,0xf8,0xb,0x7f,0x57,
  0xda,0xfd,0xa8,0x79,0xe7,0xf1,0xc1,0xaf,0xdd,0x11,0x14,0xfc,0x49,0x9b,0x9d,0xc8,
  0x4b,0x66,0x1,0x23,0x0,0x0,0xe5,0xc0,0xab,0x40,0x53,0x10,0x1e,0x79,0xaa,0xf7,
  0x20,0xcf,0x7e,0x65,0x21,0xfb,0x37,0x3d,0x29,0xfc,0x85,0xbf,0xf0,0x17,0xfe,0xc2,
  0x5f,0xf8,0x1f,0x76,0xbb,0x4f,0x9c,0x75,0x12,0x97,0xfd,0x70,0x25,0x25,0x65,0x15,
  0x41,0xc1,0x7f,0xf,0x70,0x4,0xd0,0x9d,0xef,0x17,0x23,0x5,0xfe,0xc1,0x6e,0xe0,
  0xe6,0xa0,0x3c,0xfa,0x48,0x69,0x5,0xb3,0xbe,0xb6,0x9c,0x8a,0x49,0xef,0x14,0xfe,
  0xc2,0x5f,0xf8,0xb,0x7f,0xe1,0x2f,0xfc,0xf,0xab,0xdd,0x1b,0xdf,0xf1,0x2e,0x2e,
  0xbd,0xe5,0x81,0x20,0xe1,0x4f,0xda,0xea,0xee,0x42,0x7e,0xb1,0xd0,0x11,0x0,0x80,
  0xaa,0xf4,0x28,0x40,0x7d,0x50,0x5a,0xa1,0xaf,0xb3,0x8d,0xe7,0xff,0xed,0x2,0xf6,
  0x6f,0x7c,0x52,0xf8,0xb,0x7f,0xe1,0x2f,0xfc,0x85,0xbf,0xf0,0x1f,0xd6,0x27,0xff,
  0x4b,0x6f,0x79,0x80,0xf2,0x9a,0xb1,0x41,0xc2,0x7f,0x6f,0xfa,0xd3,0x7f,0x67,0x41,
  0x1f,0x96,0x87,0xf1,0x87,0x3b,0x81,0x5b,0x83,0xd4,0x12,0x25,0x55,0x63,0x39,0xee,
  0x86,0x95,0x6f,0x3b,0x27,0x40,0xf8,0xb,0x7f,0xe1,0x2f,0xfc,0x85,0xbf,0xf0,0xcf,
  0x77,0xcc,0xff,0xb2,0x1f,0xae,0xc,0x1a,0xfe,0xa4,0x8d,0xee,0x2c,0xf4,0x97,0x87,
  0x33,0x2,0x0,0xce,0xf2,0xc0,0x5b,0x81,0x9a,0x20,0xb5,0x88,0xdd,0x9f,0x64,0xc3,
  0x2d,0x97,0xb3,0x6b,0xd5,0x32,0xe1,0x2f,0xfc,0x85,0xbf,0xf0,0x17,0xfe,0xc2,0x3f,
  0xe7,0xef,0xcf,0x3e,0x7f,0x9,0x1f,0xfc,0xda,0x1d,0x44,0xa2,0xb1,0xa0,0xe1,0xbf,
  0xf,0x38,0x92,0x21,0x56,0xfe,0x1b,0xc9,0x8,0x0,0xe9,0x3f,0xfc,0xd5,0xa0,0xb5,
  0x8a,0x15,0x8d,0xf1,0xce,0x7f,0xba,0x9b,0xc9,0x17,0x5e,0x2b,0xfc,0x85,0xbf,0xf0,
  0x17,0xfe,0xc2,0x5f,0xf8,0x67,0xfd,0xfd,0x53,0x16,0x5f,0xcb,0x85,0xff,0x76,0x77,
  0x10,0xf1,0x27,0x6d,0x73,0xfb,0x70,0xfe,0xc3,0x70,0x47,0x0,0x32,0x45,0xc3,0x53,
  0xc0,0x9,0x41,0x6c,0xa1,0x6d,0xf7,0xdf,0xc4,0x96,0x3b,0xbf,0x8,0xb6,0x2d,0xfc,
  0x5,0x90,0xf0,0x17,0xfe,0xc2,0x5f,0xf8,0x83,0x65,0x71,0xce,0x35,0xdf,0x9,0xd2,
  0x22,0x3f,0x83,0xf3,0x34,0x70,0x22,0x90,0x1a,0xed,0x2,0x0,0x60,0x2e,0xf0,0x97,
  0xc3,0x18,0x41,0xf0,0x45,0x76,0xad,0x5a,0xc6,0x4b,0xb7,0x5c,0x8e,0xdd,0x9f,0x14,
  0xfe,0xc2,0x5f,0xf8,0xb,0x7f,0xe1,0x1f,0x62,0xfc,0x23,0xd1,0x18,0x1f,0xfc,0xda,
  0x1d,0x41,0x59,0xde,0x37,0x5b,0x52,0xc0,0x29,0xc0,0xda,0xc3,0xf9,0x34,0x7f,0x38,
  0x59,0xb,0xfc,0x28,0xa8,0xad,0xd5,0x3c,0x7f,0x9,0xef,0xfe,0xf7,0x7,0x89,0xd7,
  0x35,0xb,0x7f,0xe1,0x2f,0xfc,0x85,0xbf,0xf0,0xf,0x29,0xfe,0x95,0x63,0x9b,0x59,
  0xf2,0x83,0x7,0x83,0x8c,0x3f,0x69,0x8b,0xd7,0x1e,0xce,0x7f,0x3c,0xdc,0x11,0x0,
  0x70,0x4e,0x8,0xdc,0x8,0x34,0x6,0xb5,0xd5,0x12,0x1d,0xbb,0x79,0xf1,0xa6,0xc5,
  0xec,0x5d,0xf7,0x90,0xf0,0x17,0xfe,0xc2,0x5f,0xf8,0xb,0xff,0x10,0xe1,0xff,0x8e,
  0xb9,0x67,0xf3,0xe1,0xeb,0xef,0xd,0xc2,0x96,0xbe,0x43,0xa5,0x5,0x98,0xc9,0x30,
  0x8f,0xfd,0x8f,0x74,0x4,0x80,0xf4,0xd,0x5e,0x17,0xe4,0x96,0x8b,0xd7,0x8e,0xe3,
  0xb8,0xaf,0xff,0x91,0x77,0x2c,0xb9,0x1e,0x2b,0x12,0x15,0xfe,0xc2,0x5f,0xf8,0xb,
  0x7f,0xe1,0x6f,0x38,0xfe,0x56,0x24,0xca,0x82,0xab,0xaf,0x67,0xf1,0x7f,0xfe,0x31,
  0xe8,0xf8,0x93,0x36,0xb8,0xfd,0x70,0xff,0xf3,0x48,0x46,0x0,0x32,0x59,0xd,0x9c,
  0x1e,0xf4,0x56,0xec,0x58,0xbf,0x9a,0xf5,0x37,0x7e,0x8c,0xde,0xb6,0x9d,0xc2,0x5f,
  0xf8,0xb,0x7f,0xe1,0x2f,0xfc,0xd,0xc4,0xbf,0xaa,0x69,0x22,0x1f,0xb9,0xfe,0xe7,
  0x4c,0x3d,0xe1,0xc,0xc,0xc8,0x63,0xc0,0x88,0x1e,0x88,0x1b,0x5,0xc0,0x2c,0xe0,
  0x19,0x20,0x16,0xf4,0xd6,0xec,0xdb,0xdf,0xca,0xb,0xdf,0xfd,0x38,0x6d,0x7f,0x5d,
  0x21,0xfc,0x85,0xbf,0xf0,0x17,0xfe,0xc2,0xdf,0x20,0xfc,0x8f,0x9a,0x77,0x1e,0x17,
  0xfe,0xfb,0x3d,0x54,0xd4,0x36,0x98,0x80,0x7f,0x12,0x38,0x1e,0x58,0x3f,0x92,0x3f,
  0xe2,0xc6,0x59,0xfc,0xeb,0x81,0xaf,0x98,0xd0,0xa2,0x25,0xd5,0xd,0xbc,0xfb,0x6b,
  0xf,0x70,0xd4,0x27,0xbe,0x8d,0x95,0x65,0x1e,0xa8,0xf0,0x17,0xfe,0xc2,0x5f,0xf8,
  0xb,0xff,0x60,0xe1,0x6f,0x45,0x63,0x9c,0x7d,0xcd,0xb7,0xb9,0xf4,0x96,0x7,0x4c,
  0xc1,0x9f,0xb4,0xb9,0xeb,0x47,0xfa,0x47,0xdc,0x18,0x1,0x0,0xb0,0x80,0x7,0x80,
  0xf3,0x4c,0x69,0xdd,0x3,0xaf,0xad,0x67,0xc3,0x6d,0x57,0xd3,0xf1,0xc2,0x63,0xc2,
  0x5f,0xf8,0xb,0x7f,0xe1,0x2f,0xfc,0x3,0x88,0xff,0xe4,0xe3,0x4f,0xe7,0x82,0x2f,
  0xdf,0x46,0xd3,0xb4,0x59,0x18,0x94,0x15,0xc0,0x5,0x79,0x9e,0x8e,0xa2,0x16,0x0,
  0x0,0xd,0xc0,0x3a,0x60,0xa2,0x49,0x2d,0xfd,0xc6,0xc3,0x77,0xb3,0xe9,0xa7,0xd7,
  0x91,0xd8,0xd7,0x22,0xfc,0x85,0xbf,0xf0,0x17,0xfe,0xc2,0x3f,0x0,0xf8,0x57,0xd4,
  0x35,0x72,0xce,0xe7,0x6f,0xe4,0xb8,0x45,0x97,0x61,0x58,0x76,0x2,0xef,0x6,0x5a,
  0x5d,0xf9,0xe4,0xee,0x62,0x1,0x0,0xce,0x9,0x9,0x2b,0x81,0xa8,0x49,0x2d,0xde,
  0x77,0xa0,0x9d,0x97,0xef,0xfe,0x57,0x76,0xae,0xf8,0x11,0xb6,0x9d,0x12,0xfe,0xc2,
  0x5f,0xf8,0xb,0x7f,0xe1,0xef,0x43,0xfc,0xad,0x48,0x84,0x13,0x2e,0xfc,0x34,0xb,
  0x3f,0xfb,0xd,0xca,0xaa,0xeb,0x4c,0xc3,0xbf,0x1f,0x58,0x80,0x73,0xe2,0xbd,0x2b,
  0x71,0xbb,0x0,0x0,0xe7,0xd8,0xc4,0xf5,0x18,0x98,0x7d,0x9b,0xd6,0xb2,0xe1,0x3f,
  0xaf,0x62,0xdf,0x96,0xa7,0x85,0xbf,0xf0,0x17,0xfe,0xc2,0x5f,0xf8,0xfb,0x8,0xff,
  0xf1,0x47,0x9f,0xc0,0xf9,0xff,0x72,0x3b,0x13,0x8f,0x99,0x8b,0xa1,0xf9,0x2a,0x70,
  0x83,0x9b,0x7f,0x70,0x34,0xa,0x80,0x8,0xf0,0x47,0xe0,0x6c,0x13,0x9f,0x1,0xdb,
  0x4e,0xb1,0x7d,0xf9,0x6d,0xbc,0xbc,0xec,0xab,0x24,0xbb,0xf6,0x9,0x7f,0xe1,0x2f,
  0xfc,0x85,0xbf,0xf0,0xf7,0xf0,0xb1,0x97,0x56,0xd6,0xb0,0xe0,0xea,0xeb,0x99,0x73,
  0xd1,0xd5,0x58,0x91,0x40,0xae,0x4e,0x5f,0x48,0x1e,0x2,0xce,0x65,0x98,0x6b,0xfd,
  0x7b,0x51,0x0,0x0,0x8c,0xc3,0x39,0x1f,0xa0,0xd9,0xd4,0x67,0xa3,0xef,0x40,0x3b,
  0xdb,0x7e,0x7f,0x2b,0xdb,0x7e,0x7f,0x2b,0x89,0xce,0xbd,0xc2,0x5f,0xf8,0xb,0x7f,
  0xe1,0x2f,0xfc,0x8b,0xf8,0xd8,0xcb,0xab,0xea,0x99,0x7b,0xc9,0x35,0x9c,0x74,0xc9,
  0x35,0x26,0xe,0xf7,0xf,0xcc,0x2e,0x9c,0xe3,0xfe,0xbb,0xdd,0xfe,0xc3,0xa3,0x55,
  0x0,0x0,0xcc,0x7,0x1e,0xc4,0x80,0xf5,0x1,0x86,0x4a,0xb2,0xbb,0x93,0xed,0xf,
  0xdc,0xce,0xab,0xf7,0xdf,0x4c,0xa2,0x63,0x8f,0xf0,0x17,0xfe,0xc2,0x5f,0xf8,0xb,
  0xff,0x51,0x7c,0xec,0x63,0xea,0x9b,0x38,0xe5,0xd2,0x6b,0x99,0x73,0xd1,0x55,0xc4,
  0x2b,0xaa,0x30,0x3c,0x49,0xe0,0xbd,0xc0,0xaa,0xd1,0xf8,0xe3,0xa3,0x59,0x0,0x0,
  0x2c,0x1,0xee,0xc6,0x99,0x26,0x68,0x74,0xfa,0x13,0xdd,0xec,0x58,0xf1,0x63,0x5e,
  0xfd,0x9f,0x1b,0xe9,0x69,0xdd,0x21,0xfc,0x85,0xbf,0xf0,0x17,0xfe,0xc2,0xdf,0xc5,
  0xc7,0x5e,0xd5,0x34,0x89,0x79,0x4b,0xae,0xe3,0x84,0xb,0xaf,0x20,0x56,0x5a,0x4e,
  0x8,0x62,0x3,0x97,0x1,0xcb,0x46,0xeb,0x6,0x46,0xbb,0x0,0x0,0xf8,0x2,0x70,
  0x23,0x21,0x49,0x2a,0x99,0x60,0xe7,0x9f,0xee,0xe2,0x95,0xfb,0xbe,0x45,0xf7,0xae,
  0xad,0xc2,0x5f,0xf8,0xb,0x7f,0xe1,0x2f,0xfc,0x47,0xf0,0xd8,0x6b,0x27,0x1c,0xc9,
  0xa9,0x4b,0xbf,0xcc,0x71,0x8b,0x96,0x12,0x2d,0x89,0x13,0xa2,0x5c,0x7,0xdc,0x34,
  0x9a,0x37,0x50,0x8c,0x2,0x80,0xf4,0x83,0xb8,0x36,0x4c,0xcf,0x9c,0xdd,0x9f,0x64,
  0xcf,0xda,0xe5,0xbc,0xbe,0x72,0x19,0x2d,0x4f,0x2e,0xa7,0x3f,0x99,0x10,0xfe,0xc2,
  0x5f,0xf8,0xb,0x7f,0xe1,0x5f,0xc0,0xff,0x89,0x96,0xc4,0x99,0x7e,0xda,0x22,0x66,
  0x9f,0xbf,0x84,0xe9,0xa7,0x2f,0x22,0x12,0x35,0xfa,0x48,0x72,0xb6,0xdc,0x9c,0xfe,
  0xf0,0x3c,0xaa,0x29,0x56,0x1,0x60,0xe1,0x1c,0xa,0x58,0x42,0x8,0xd3,0x77,0xa0,
  0x9d,0x37,0x56,0xff,0x92,0xd7,0x1f,0x5e,0x46,0xfb,0x4b,0x6b,0x84,0xbf,0xf0,0x17,
  0xfe,0xc2,0x5f,0xf8,0x67,0xf9,0x3f,0x93,0x66,0xcf,0x63,0xf6,0xf9,0x4b,0x38,0xe6,
  0x9c,0x8b,0x4d,0x3f,0xb1,0x6f,0xa8,0x2c,0xc3,0x19,0xfa,0x1f,0x75,0x9c,0x8b,0x55,
  0x0,0x80,0x73,0x32,0xe0,0xef,0x31,0x68,0xb9,0xe0,0xc3,0xc9,0xc1,0x37,0xb6,0xf0,
  0xfa,0xca,0x7b,0xd9,0xf9,0xf0,0x32,0xba,0xde,0xd8,0x22,0xfc,0x85,0xbf,0xf0,0x17,
  0xfe,0xa1,0xc6,0xbf,0x76,0xd2,0x34,0x66,0x9f,0xbf,0x84,0x63,0xcf,0x5b,0x4c,0xdd,
  0xa4,0x69,0x84,0x3c,0x2b,0x80,0xf,0xe0,0x9c,0xfc,0x37,0xfa,0x9f,0xcc,0x8b,0x58,
  0x0,0x0,0x54,0xe0,0xac,0x14,0x78,0x12,0xa,0xed,0x2f,0xae,0x61,0xd7,0x63,0xf7,
  0xd1,0xba,0xee,0x61,0x3a,0x5f,0x5b,0xf,0xb6,0x2d,0xfc,0x85,0xbf,0xf0,0x17,0xfe,
  0x66,0xe3,0x6f,0x59,0x34,0x4d,0x9b,0xc5,0x11,0x27,0x2e,0xe4,0x5d,0x67,0x7f,0x94,
  0x49,0xb3,0xe7,0x9,0x3,0x27,0x4f,0xe2,0xac,0xf4,0x77,0xb0,0x58,0x37,0x58,0xec,
  0x2,0x0,0x60,0x2c,0xce,0x52,0x86,0xef,0xd2,0xf3,0xfd,0x56,0x12,0xfb,0x5a,0x68,
  0x7b,0x76,0x15,0x6d,0xcf,0xad,0xa2,0x75,0xdd,0x4a,0xba,0x76,0x6e,0x12,0xfe,0xc2,
  0x5f,0xf8,0xb,0x7f,0x23,0xf0,0xaf,0x9f,0x32,0x83,0x23,0x4f,0x5c,0xc0,0xd4,0x39,
  0xf3,0x39,0xe2,0x3d,0xf3,0xa9,0xa8,0x6b,0xd4,0x9b,0xfe,0xdb,0xf3,0x22,0xce,0x52,
  0xfa,0x6d,0xc5,0xbc,0x51,0x2f,0xa,0x80,0x4c,0x11,0xf0,0x80,0x46,0x2,0x72,0xa7,
  0xa7,0x6d,0x27,0x6d,0xeb,0x56,0xd2,0xfa,0xac,0xf3,0xd5,0xbd,0x67,0x9b,0xf0,0x17,
  0xfe,0xc2,0x5f,0xf8,0x7,0x2,0xff,0xea,0x71,0x53,0x38,0x62,0xce,0x2,0x8e,0x38,
  0xd1,0xf9,0xaa,0x6a,0x34,0x6a,0x8f,0xb8,0xd1,0xf8,0xe4,0x7f,0x41,0xb1,0xf1,0xf7,
  0xb2,0x0,0x0,0xe7,0x70,0xc0,0xaf,0x9,0xf9,0x39,0x1,0x85,0xa6,0xef,0x40,0x3b,
  0x7,0x76,0x6c,0xa4,0x6b,0xc7,0x26,0xe,0xec,0xd8,0xc8,0x81,0x9d,0x9b,0xe8,0xda,
  0xbe,0x91,0x3,0xaf,0x6f,0x26,0x95,0xe8,0x11,0xfe,0xc2,0x5f,0xf8,0xb,0xff,0xa2,
  0xe2,0x1f,0x8b,0x97,0x51,0x37,0x65,0x3a,0x63,0xa7,0xce,0xa4,0x7e,0xca,0x8c,0xb7,
  0xbe,0x4f,0x99,0x19,0xe6,0x13,0xf8,0x86,0x9b,0x15,0xc0,0x45,0x14,0x71,0xd8,0xdf,
  0x2f,0x5,0x0,0x38,0x27,0x6,0xde,0x41,0x48,0x67,0x7,0xb8,0x11,0xdb,0x4e,0xd1,
  0xd3,0xb2,0x9d,0x3,0xdb,0x9d,0xa2,0x20,0xb1,0xaf,0x85,0x64,0x77,0x27,0x7d,0x5d,
  0xfb,0x49,0x76,0x77,0xbe,0xf5,0xf3,0x41,0xe7,0xe7,0xe4,0x41,0xe7,0xe7,0x54,0x7a,
  0x5a,0xa2,0xf0,0x17,0xfe,0xc2,0x5f,0xf8,0x47,0x4b,0xe2,0x94,0x54,0x54,0x51,0x5a,
  0x51,0x4d,0xbc,0xa2,0x8a,0xf8,0x98,0x2a,0x4a,0xc7,0x38,0x3f,0x97,0x54,0x54,0x51,
  0x5a,0xe9,0xfc,0x5c,0x51,0xdb,0xc8,0xd8,0xa9,0x33,0xa8,0x9f,0x32,0x93,0xea,0x71,
  0x93,0x4d,0x5e,0x7b,0xbf,0x18,0x59,0x6,0x5c,0x4e,0x91,0x4e,0xf8,0xf3,0x63,0x1,
  0x0,0xce,0x14,0xc1,0x1b,0x9,0xd9,0x3a,0x1,0x8a,0xa2,0x28,0x4a,0x68,0x73,0x33,
  0xce,0x42,0x3f,0x9e,0x2,0xec,0x87,0xf2,0xcd,0xc6,0x59,0xf0,0xc0,0xf3,0xc6,0x50,
  0x14,0x45,0x51,0x94,0x51,0xf6,0xee,0xba,0xb4,0x79,0xde,0x7f,0xfa,0xf6,0xc1,0x8,
  0xc0,0xc0,0x2c,0xc1,0x39,0x24,0x10,0x53,0x3f,0x51,0x14,0x45,0x51,0xc,0x4a,0x12,
  0x67,0xc8,0x7f,0x99,0x5f,0xee,0x90,0xdf,0xa,0x0,0x70,0x76,0x11,0xfc,0x39,0x6,
  0x6f,0x25,0xac,0x28,0x8a,0xa2,0x84,0x2a,0xbb,0x80,0x8f,0x31,0x4a,0xbb,0xfa,0x1d,
  0x6e,0xfc,0x78,0x6,0xc7,0x2a,0x9c,0xbd,0x8f,0x1f,0x52,0x9f,0x51,0x14,0x45,0x51,
  0x2,0x9e,0x87,0xd2,0xa6,0xad,0xf2,0xdb,0x1d,0xf3,0xeb,0x29,0x9c,0xbb,0x81,0x73,
  0x81,0xaf,0x2,0xfd,0xea,0x3f,0x8a,0xa2,0x28,0x4a,0xc0,0xd2,0x9f,0x36,0xec,0xdc,
  0xb4,0x69,0xbe,0x8b,0x1f,0xf,0x1,0xc,0xce,0x19,0x38,0x87,0x4,0xb4,0x92,0x84,
  0xa2,0x28,0x8a,0x12,0x84,0xec,0xc4,0x19,0xf2,0x5f,0xed,0xe7,0x3b,0x19,0x84,0x49,
  0x9c,0xab,0x71,0x86,0x4f,0x56,0xa8,0x4f,0x29,0x8a,0xa2,0x28,0x3e,0xcf,0x8a,0xb4,
  0x59,0xab,0xfd,0x7e,0x47,0x83,0xb2,0x8a,0x43,0x2b,0xce,0x52,0x89,0x5f,0xc2,0xc3,
  0x45,0x13,0x14,0x45,0x51,0x14,0x25,0x47,0x92,0x69,0xa3,0x2e,0x48,0x9b,0xe5,0xfb,
  0x4,0xe1,0x10,0xc0,0xe0,0xcc,0x2,0x6e,0x3,0x4e,0x57,0x7f,0x53,0x14,0x45,0x51,
  0x7c,0x90,0xc7,0x80,0xab,0x81,0xf5,0x41,0xba,0xd3,0x41,0x5c,0xc7,0x71,0x3d,0xce,
  0x79,0x1,0x4b,0x81,0x16,0xf5,0x3b,0x45,0x51,0x14,0xc5,0xa3,0xb4,0xa4,0x2d,0x3a,
  0x23,0x68,0xf8,0x7,0xb5,0x0,0xc8,0xe4,0x6e,0x60,0x26,0xf0,0x43,0x20,0xa5,0x7e,
  0xa8,0x28,0x8a,0xa2,0x14,0x29,0xa9,0xb4,0x3d,0x33,0xd3,0x16,0x5,0x32,0x41,0x3c,
  0x4,0x90,0x2d,0x73,0x81,0xdb,0x81,0x13,0xd4,0x2f,0x15,0x45,0x51,0x94,0x51,0xcc,
  0xd3,0xc0,0x55,0xc0,0xda,0xa0,0x3f,0x10,0x53,0xb6,0x72,0x5a,0xb,0x9c,0x8,0x7c,
  0xe,0xd8,0xa7,0xfe,0xa9,0x28,0x8a,0xa2,0xb8,0x9c,0x7d,0x69,0x63,0x4e,0x34,0x1,
  0x7f,0x93,0x46,0x0,0x6,0xa6,0xe,0xb8,0x26,0xfd,0x55,0xaf,0x3e,0xab,0x28,0x8a,
  0xa2,0x8c,0x20,0x7b,0x81,0x5b,0xd3,0x5f,0xed,0x26,0x3d,0x30,0x13,0xb,0x80,0x4c,
  0xaa,0x70,0x86,0x69,0xae,0x5,0x9a,0xd4,0x87,0x15,0x45,0x51,0x94,0x61,0x64,0xf,
  0xce,0xb6,0xbd,0xb7,0x3,0x9d,0x26,0x3e,0x40,0x93,0xb,0x80,0x4c,0xca,0x81,0x2b,
  0x70,0xb6,0x60,0x9c,0xa4,0x3e,0xad,0x28,0x8a,0xa2,0xc,0x91,0x1d,0xc0,0x8d,0xc0,
  0x8f,0x81,0x6e,0x93,0x1f,0x68,0x18,0xa,0x80,0x4c,0xe2,0x38,0xd3,0x35,0xbe,0xc,
  0x1c,0xa9,0x3e,0xae,0x28,0x8a,0xa2,0xc,0xc8,0x56,0xe0,0x5b,0xc0,0x5d,0x40,0x22,
  0xc,0xf,0x38,0x4c,0x5,0x40,0x26,0x31,0x60,0x11,0xb0,0x24,0xfd,0x3d,0xae,0x7e,
  0xaf,0x28,0x8a,0x12,0xca,0x24,0x80,0xe5,0xc0,0xb2,0xf4,0xf7,0x50,0xad,0x34,0x1b,
  0xc6,0x2,0x60,0x60,0xea,0x80,0x8b,0xd3,0xc5,0xc0,0x3c,0xbd,0x16,0x14,0x45,0x51,
  0x42,0x91,0x35,0x69,0xf4,0x7f,0x89,0x61,0x27,0xf6,0xa9,0x0,0x38,0xbc,0x4c,0x3,
  0x16,0xa7,0x8b,0x81,0x69,0x6a,0xe,0x45,0x51,0x14,0xa3,0xb2,0x25,0x8d,0xfe,0xbd,
  0xe9,0x9f,0x43,0x1f,0x15,0x0,0xd9,0x33,0xf,0xf8,0x28,0xb0,0x10,0x67,0xef,0x1,
  0x4b,0x4d,0xa2,0x28,0x8a,0x12,0xa8,0xd8,0x38,0xcb,0xf3,0x3e,0xc,0xdc,0x97,0xfe,
  0xd4,0xaf,0xa8,0x0,0x18,0x56,0x1a,0x81,0xf9,0xe9,0xaf,0x5,0xc0,0xc,0x35,0x89,
  0xa2,0x28,0x8a,0x2f,0xb3,0x9,0x58,0x9,0xac,0x4a,0x7f,0x69,0xbf,0x18,0x15,0x0,
  0xae,0x66,0x62,0xba,0x10,0xc8,0x7c,0x4d,0x51,0x93,0x28,0x8a,0xa2,0x78,0x92,0x6d,
  0x69,0xf0,0x33,0x5f,0x3b,0xd5,0x24,0x2a,0x0,0x8a,0x99,0x3a,0x9c,0xd,0x21,0x66,
  0xc,0xfa,0x3e,0x1d,0x28,0x53,0xf3,0x28,0x8a,0xa2,0x8c,0x28,0x3d,0xc0,0x66,0x60,
  0x63,0xfa,0x13,0xfe,0xc0,0xef,0xed,0x6a,0x1e,0x15,0x0,0x7e,0x4c,0x4,0x98,0x3c,
  0xa0,0x28,0x68,0xc4,0x59,0x9d,0xb0,0x3a,0xfd,0x3d,0xd7,0xcf,0x9a,0x96,0xa8,0x28,
  0x8a,0xa9,0x49,0xe0,0xac,0xaa,0xb7,0x3f,0xfd,0x3d,0xd7,0xcf,0x2d,0x3,0x90,0xdf,
  0x8e,0x76,0x7c,0x1d,0x95,0xfc,0xff,0xc,0xb5,0x73,0xe9,0xe8,0x5f,0x44,0x7b,0x0,
  0x0,0x0,0x0,0x49,0x45,0x4e,0x44,0xae,0x42,0x60,0x82,
    // /data/data/com.termux/files/home/хуйня/kumir2/build/src/app/kumir2-highgrade/splashscreen-highgrade.png
  0x0,0x0,0x23,0xc0,
  0x89,
  0x50,0x4e,0x47,0xd,0xa,0x1a,0xa,0x0,0x0,0x0,0xd,0x49,0x48,0x44,0x52,0x0,
  0x0,0x1,0xb9,0x0,0x0,0x1,0x41,0x8,0x6,0x0,0x0,0x0,0xea,0x95,0xd1,0x5c,
  0x0,0x0,0x0,0x4,0x73,0x42,0x49,0x54,0x8,0x8,0x8,0x8,0x7c,0x8,0x64,0x88,
  0x0,0x0,0x0,0x9,0x70,0x48,0x59,0x73,0x0,0x0,0xd,0xd7,0x0,0x0,0xd,0xd7,
  0x1,0x42,0x28,0x9b,0x78,0x0,0x0,0x0,0x19,0x74,0x45,0x58,0x74,0x53,0x6f,0x66,
  0x74,0x77,0x61,0x72,0x65,0x0,0x77,0x77,0x77,0x2e,0x69,0x6e,0x6b,0x73,0x63,0x61,
  0x70,0x65,0x2e,0x6f,0x72,0x67,0x9b,0xee,0x3c,0x1a,0x0,0x0,0x20,0x0,0x49,0x44,
  0x41,0x54,0x78,0x9c,0xed,0xdd,0x79,0x7c,0x54,0xd5,0xc1,0xff,0xf1,0xef,0x64,0x4f,
  0xc8,0x46,0x48,0x80,0x4,0x48,0x20,0x48,0x80,0xb0,0xca,0xaa,0x80,0x88,0xa0,0xa2,
  0x80,0xb8,0x6b,0xb1,0xee,0xb5,0x8f,0x55,0x6b,0xed,0xcf,0xda,0x57,0xb1,0xf5,0x69,
  0x9f,0x5a,0x6b,0x6d,0x6b,0xad,0x4f,0x5d,0xaa,0xad,0xb6,0x56,0xc5,0xba,0x22,0x3b,
  0x82,0xa8,0x20,0x4b,0x94,0x35,0xec,0x84,0x2d,0x9,0x9,0x24,0x21,0x9,0x59,0x8,
  0x81,0x6c,0x33,0xbf,0x3f,0x78,0x92,0x12,0xe6,0x4e,0x32,0x49,0x66,0x32,0xc9,0xe1,
  0xf3,0x7e,0xbd,0x7c,0xbd,0xe4,0x9c,0x7b,0xcf,0x3d,0x13,0x31,0xdf,0xb9,0xe7,0x9e,
  0x73,0xae,0x4d,0x92,0x43,0x0,0x0,0x18,0x28,0x40,0x92,0x1c,0xe,0x72,0xe,0x0,
  0x60,0x16,0x9b,0xcd,0x26,0x3f,0x5f,0x77,0x2,0x0,0x0,0x6f,0x21,0xe4,0x0,0x0,
  0xc6,0x22,0xe4,0x0,0x0,0xc6,0x22,0xe4,0x0,0x0,0xc6,0x22,0xe4,0x0,0x0,0xc6,
  0x22,0xe4,0x0,0x0,0xc6,0x22,0xe4,0x0,0x0,0xc6,0x22,0xe4,0x0,0x0,0xc6,0x22,
  0xe4,0x0,0x0,0xc6,0x22,0xe4,0x0,0x0,0xc6,0x22,0xe4,0x0,0x0,0xc6,0x22,0xe4,
  0x0,0x0,0xc6,0x22,0xe4,0x0,0x0,0xc6,0x22,0xe4,0x0,0x0,0xc6,0x22,0xe4,0x0,
  0x0,0xc6,0x22,0xe4,0x0,0x0,0xc6,0x22,0xe4,0x0,0x0,0xc6,0x22,0xe4,0x0,0x0,
  0xc6,0x22,0xe4,0x0,0x0,0xc6,0x22,0xe4,0x0,0x0,0xc6,0x22,0xe4,0x0,0x0,0xc6,
  0x22,0xe4,0x0,0x0,0xc6,0x22,0xe4,0x0,0x0,0xc6,0x22,0xe4,0x0,0x0,0xc6,0x22,
  0xe4,0x0,0x0,0xc6,0x22,0xe4,0x0,0x0,0xc6,0x22,0xe4,0x0,0x0,0xc6,0x22,0xe4,
  0x0,0x0,0xc6,0x22,0xe4,0x0,0x0,0xc6,0x22,0xe4,0x0,0x0,0xc6,0x22,0xe4,0x0,
  0x0,0xc6,0x22,0xe4,0x0,0x0,0xc6,0x22,0xe4,0x0,0x0,0xc6,0x22,0xe4,0x0,0x0,
  0xc6,0x22,0xe4,0x0,0x0,0xc6,0x22,0xe4,0x0,0x0,0xc6,0x22,0xe4,0x0,0x0,0xc6,
  0x22,0xe4,0x0,0x0,0xc6,0x22,0xe4,0x0,0x0,0xc6,0x22,0xe4,0x0,0x0,0xc6,0x22,
  0xe4,0x0,0x0,0xc6,0x22,0xe4,0x0,0x0,0xc6,0x22,0xe4,0x0,0x0,0xc6,0x22,0xe4,
  0x0,0x0,0xc6,0x22,0xe4,0x0,0x0,0xc6,0x22,0xe4,0x0,0x0,0xc6,0x22,0xe4,0x0,
  0x0,0xc6,0x22,0xe4,0x0,0x0,0xc6,0x22,0xe4,0x0,0x0,0xc6,0x22,0xe4,0x0,0x0,
  0xc6,0x22,0xe4,0x0,0x0,0xc6,0x22,0xe4,0x0,0x0,0xc6,0x22,0xe4,0x0,0x0,0xc6,
  0x22,0xe4,0x0,0x0,0xc6,0x22,0xe4,0x0,0x0,0xc6,0x22,0xe4,0x0,0x0,0xc6,0x22,
  0xe4,0x0,0x0,0xc6,0x22,0xe4,0x0,0x0,0xc6,0x22,0xe4,0x0,0x0,0xc6,0x22,0xe4,
  0x0,0x0,0xc6,0x22,0xe4,0x0,0x0,0xc6,0x22,0xe4,0x0,0x0,0xc6,0x22,0xe4,0x0,
  0x0,0xc6,0x22,0xe4,0x0,0x0,0xc6,0x22,0xe4,0x0,0x0,0xc6,0x22,0xe4,0x0,0x0,
  0xc6,0x22,0xe4,0x0,0x0,0xc6,0x22,0xe4,0x0,0x0,0xc6,0x22,0xe4,0x0,0x0,0xc6,
  0x22,0xe4,0x0,0x0,0xc6,0x22,0xe4,0x0,0x0,0xc6,0x22,0xe4,0x0,0x0,0xc6,0x22,
  0xe4,0x0,0x0,0xc6,0x22,0xe4,0x0,0x0,0xc6,0x22,0xe4,0x0,0x0,0xc6,0x22,0xe4,
  0x0,0x0,0xc6,0x22,0xe4,0x0,0x0,0xc6,0x22,0xe4,0x0,0x0,0xc6,0x22,0xe4,0x0,
  0x0,0xc6,0x22,0xe4,0x0,0x0,0xc6,0x22,0xe4,0x0,0x0,0xc6,0x22,0xe4,0x0,0x0,
  0xc6,0x22,0xe4,0x0,0x0,0xc6,0x22,0xe4,0x0,0x0,0xc6,0x22,0xe4,0x0,0x0,0xc6,
  0x22,0xe4,0x0,0x0,0xc6,0x22,0xe4,0x0,0x0,0xc6,0x22,0xe4,0x0,0x0,0xc6,0x22,
  0xe4,0x0,0x0,0xc6,0x22,0xe4,0x0,0x0,0xc6,0x22,0xe4,0x0,0x0,0xc6,0x22,0xe4,
  0x0,0x0,0xc6,0x22,0xe4,0x0,0x0,0xc6,0x22,0xe4,0x0,0x0,0xc6,0x22,0xe4,0x0,
  0x0,0xc6,0x22,0xe4,0x0,0x0,0xc6,0x22,0xe4,0x0,0x0,0xc6,0x22,0xe4,0x0,0x0,
  0xc6,0x22,0xe4,0x0,0x0,0xc6,0x22,0xe4,0x0,0x0,0xc6,0x22,0xe4,0x0,0x0,0xc6,
  0x22,0xe4,0x0,0x0,0xc6,0x22,0xe4,0x0,0x0,0xc6,0x22,0xe4,0x0,0x0,0xc6,0x22,
  0xe4,0x0,0x0,0xc6,0x22,0xe4,0x0,0x0,0xc6,0x22,0xe4,0x0,0x0,0xc6,0x22,0xe4,
  0x0,0x0,0xc6,0x22,0xe4,0x0,0x0,0xc6,0x22,0xe4,0x0,0x0,0xc6,0x22,0xe4,0x0,
  0x0,0xc6,0x22,0xe4,0x0,0x0,0xc6,0x22,0xe4,0x0,0x0,0xc6,0x22,0xe4,0x0,0x0,
  0xc6,0x22,0xe4,0x0,0x0,0xc6,0x22,0xe4,0x0,0x0,0xc6,0x22,0xe4,0x0,0x0,0xc6,
  0x22,0xe4,0x0,0x0,0xc6,0x22,0xe4,0x0,0x0,0xc6,0x22,0xe4,0x0,0x0,0xc6,0x22,
  0xe4,0x0,0x0,0xc6,0x22,0xe4,0x0,0x0,0xc6,0x22,0xe4,0x0,0x0,0xc6,0x22,0xe4,
  0x0,0x0,0xc6,0x22,0xe4,0x0,0x0,0xc6,0x22,0xe4,0x0,0x0,0xc6,0x22,0xe4,0x0,
  0x0,0xc6,0x22,0xe4,0x0,0x0,0xc6,0x22,0xe4,0x0,0x0,0xc6,0x22,0xe4,0x0,0x0,
  0xc6,0x22,0xe4,0x0,0x0,0xc6,0x22,0xe4,0x0,0x0,0xc6,0x22,0xe4,0x0,0x0,0xc6,
  0x22,0xe4,0x0,0x0,0xc6,0x22,0xe4,0x0,0x0,0xc6,0x22,0xe4,0x0,0x0,0xc6,0x22,
  0xe4,0x0,0x0,0xc6,0x22,0xe4,0x0,0x0,0xc6,0x22,0xe4,0x0,0x0,0xc6,0x22,0xe4,
  0x0,0x0,0xc6,0x22,0xe4,0x0,0x0,0xc6,0x22,0xe4,0x0,0x0,0xc6,0x22,0xe4,0x0,
  0x0,0xc6,0x22,0xe4,0x0,0x0,0xc6,0x22,0xe4,0x0,0x0,0xc6,0x22,0xe4,0x0,0x0,
  0xc6,0x22,0xe4,0x0,0x0,0xc6,0x22,0xe4,0x0,0x0,0xc6,0x22,0xe4,0x0,0x0,0xc6,
  0x22,0xe4,0x0,0x0,0xc6,0x22,0xe4,0x0,0x0,0xc6,0x22,0xe4,0x0,0x0,0xc6,0x22,
  0xe4,0x0,0x0,0xc6,0x22,0xe4,0x0,0x0,0xc6,0x22,0xe4,0x0,0x0,0xc6,0x22,0xe4,
  0x0,0x0,0xc6,0x22,0xe4,0x0,0x0,0xc6,0x22,0xe4,0x0,0x0,0xc6,0xa,0xe8,0x1b,
  0x21,0xad,0xfe,0xdb,0xff,0xf8,0xba,0x1f,0x0,0x0,0x78,0x54,0xdf,0x8,0xc9,0x36,
  0x25,0x41,0x8e,0x29,0xf1,0xbe,0xee,0xa,0x0,0x0,0x9e,0xb5,0x3a,0x8f,0xe1,0x4a,
  0x0,0x80,0xc1,0x8,0x39,0x0,0x80,0xb1,0x8,0x39,0x0,0x80,0xb1,0x8,0x39,0x0,
  0x80,0xb1,0x8,0x39,0x0,0x80,0xb1,0x8,0x39,0x0,0x80,0xb1,0x8,0x39,0x0,0x80,
  0xb1,0x8,0x39,0x0,0x80,0xb1,0x8,0x39,0x0,0x80,0xb1,0x8,0x39,0x0,0x80,0xb1,
  0x8,0x39,0x0,0x80,0xb1,0x8,0x39,0x0,0x80,0xb1,0x8,0x39,0x0,0x80,0xb1,0x8,
  0x39,0x0,0x80,0xb1,0x8,0x39,0x0,0x80,0xb1,0x8,0x39,0x0,0x80,0xb1,0x8,0x39,
  0x0,0x80,0xb1,0x8,0x39,0x0,0x80,0xb1,0x8,0x39,0x0,0x80,0xb1,0x8,0x39,0x0,
  0x80,0xb1,0x8,0x39,0x0,0x80,0xb1,0x8,0x39,0x0,0x80,0xb1,0x8,0x39,0x0,0x80,
  0xb1,0x8,0x39,0x0,0x80,0xb1,0x2,0xbc,0xd5,0xf0,0xa4,0x7b,0xe7,0x2a,0x20,0x28,
  0xc4,0xa9,0xfc,0xe8,0x9e,0x4d,0x3a,0xb0,0x6e,0xa9,0xc7,0xae,0x63,0xf3,0xf3,0x57,
  0x42,0xea,0x18,0x45,0x27,0xf4,0x55,0x74,0xcf,0x24,0x85,0x44,0x44,0xcb,0x5e,0x57,
  0xdb,0xf0,0xcf,0xba,0xb7,0x7e,0x2f,0x87,0xbd,0xce,0x63,0xd7,0x3,0x0,0x74,0x1e,
  0xde,0xb,0xb9,0xfb,0x9e,0x54,0x70,0x97,0x48,0xa7,0xf2,0xcd,0x1f,0xff,0xd5,0x23,
  0x21,0x17,0xde,0xad,0xa7,0x46,0xdf,0xfc,0xa0,0x46,0xdd,0xf0,0x80,0x22,0xbb,0xf7,
  0x76,0x79,0xdc,0x86,0x77,0x9e,0x57,0x1d,0x21,0x7,0x0,0x17,0x24,0xaf,0x85,0x9c,
  0x37,0xd,0x9d,0x3e,0x47,0x33,0xe7,0xbe,0xaa,0x90,0x88,0x68,0x5f,0x77,0x5,0x0,
  0xd0,0x81,0x75,0xae,0x90,0xb3,0xd9,0x74,0xdd,0xcf,0x5f,0xd7,0xa8,0x1b,0xbf,0xef,
  0xeb,0x9e,0x0,0x0,0x3a,0x81,0x4e,0x35,0xf1,0x64,0xda,0x23,0xcf,0x12,0x70,0x0,
  0x0,0xb7,0x75,0x9a,0x90,0x1b,0x38,0x79,0xb6,0x26,0xdd,0x3b,0xd7,0xd7,0xdd,0x0,
  0x0,0x74,0x22,0x9d,0x62,0xb8,0xd2,0xcf,0x3f,0x40,0x57,0x3d,0xf6,0x7,0x97,0xf5,
  0xe,0xbb,0x5d,0x3b,0x96,0xbf,0xab,0xec,0xad,0x5f,0xeb,0x44,0xce,0x41,0x95,0x1f,
  0xcf,0x95,0x9f,0x9f,0xbf,0xfc,0x3,0x83,0x54,0x57,0x5b,0xd3,0x8e,0x3d,0x5,0x0,
  0x74,0x24,0x9d,0x22,0xe4,0x46,0xdd,0xf0,0x80,0xba,0x25,0xd,0xb4,0xac,0x3b,0x71,
  0xe4,0x80,0x3e,0x79,0xea,0xe,0x1d,0xdb,0xb3,0xb9,0x9d,0x7b,0x5,0x0,0xe8,0xe8,
  0x3a,0x7c,0xc8,0xf9,0xf9,0x7,0x68,0xd2,0x7d,0x4f,0x5a,0xd6,0xd5,0xd5,0x54,0xeb,
  0xa3,0xb9,0xb7,0x29,0x7f,0x7f,0x7a,0x3b,0xf7,0xa,0x0,0xd0,0x19,0x74,0xf8,0x67,
  0x72,0x43,0xae,0xba,0x4d,0x51,0x3d,0x13,0x2d,0xeb,0xbe,0x7a,0xed,0x97,0x4,0x1c,
  0x0,0xc0,0xa5,0xe,0x1f,0x72,0x13,0xee,0x7a,0xc2,0xb2,0xbc,0xf4,0x58,0x96,0x36,
  0xbc,0xf3,0x7c,0x3b,0xf7,0x6,0x0,0xd0,0x99,0x74,0xe8,0x90,0xeb,0x37,0x6e,0x9a,
  0x7a,0xe,0xbc,0xd8,0xb2,0x2e,0x6d,0xde,0xb,0x6c,0xd7,0x5,0x0,0x68,0x52,0x87,
  0xe,0xb9,0x49,0xf7,0xfc,0xcc,0xb2,0xfc,0x74,0x59,0xb1,0xb6,0x2d,0x7c,0xb3,0x9d,
  0x7b,0x3,0x0,0xe8,0x6c,0x3a,0xec,0xc4,0x93,0x84,0xd4,0x31,0x4a,0x1e,0x7f,0x95,
  0x65,0xdd,0xc6,0xf,0x5f,0x51,0xcd,0x99,0xca,0x76,0xee,0x11,0x4c,0x14,0x9d,0xd0,
  0x4f,0x17,0x5d,0x3a,0x5d,0x91,0x3d,0x7a,0x2b,0x22,0xae,0x97,0xc2,0xa2,0x63,0x55,
  0x7d,0xba,0x42,0x67,0xca,0x4b,0x94,0xbf,0x7f,0xbb,0x8e,0xee,0xfa,0x96,0xe7,0xbe,
  0x40,0x27,0xd6,0x61,0x43,0xee,0xb2,0xfb,0x7e,0x6e,0x59,0x5e,0x5b,0x75,0x5a,0x1b,
  0x3f,0x7c,0xb9,0x45,0x6d,0x5,0x87,0x47,0xe9,0xd1,0xf9,0xfb,0x15,0x10,0x14,0xec,
  0x54,0xf7,0xf5,0x9b,0xcf,0x78,0xf4,0xd9,0xde,0xed,0xcf,0x7f,0xaa,0x7e,0x63,0xae,
  0x70,0x2a,0xff,0xe8,0xc9,0xdb,0x75,0x28,0x6d,0x45,0xc3,0x9f,0xfd,0x83,0x82,0xf5,
  0xd3,0x95,0x5,0xcd,0xb6,0x97,0x36,0xef,0x5,0xad,0xf9,0xfb,0xd3,0x1e,0xe9,0x5b,
  0x40,0x50,0x88,0x1e,0x5d,0x70,0x40,0xc1,0x61,0x11,0x2e,0x8f,0x29,0xcd,0xcb,0xd6,
  0x6b,0x73,0x46,0x34,0xdb,0xd6,0x23,0x1f,0xed,0x51,0x44,0x5c,0x82,0x53,0xf9,0x1b,
  0xf7,0x5e,0xa2,0xa2,0xac,0x7d,0xad,0xee,0xe3,0xd0,0xab,0xbf,0xa3,0x59,0x3f,0x7f,
  0xcd,0xb2,0x6e,0xe5,0x8b,0x4f,0x68,0xeb,0x82,0x37,0x9a,0x3c,0x7f,0xfc,0x9c,0xc7,
  0x74,0xc5,0x83,0xbf,0x76,0x2a,0x7f,0xfe,0xea,0x9e,0xaa,0xad,0x3e,0xd3,0xf0,0xe7,
  0xd4,0x2b,0x6f,0xd5,0xd8,0x5b,0x1e,0x52,0xdf,0xd1,0x53,0x24,0x9b,0xad,0xc9,0x36,
  0x8b,0xb2,0xf6,0x69,0xcb,0xfc,0xbf,0x69,0xf3,0xc7,0x7f,0x6d,0xd4,0x6,0x80,0x8e,
  0xaf,0x43,0x86,0x5c,0x5c,0x72,0xaa,0x6,0x4d,0xb9,0xc1,0xb2,0x6e,0xfb,0xd2,0xb7,
  0x55,0x59,0x52,0xd8,0xa2,0xf6,0xaa,0x2a,0xca,0x94,0xbd,0xed,0x6b,0xa5,0x4e,0xbb,
  0xc5,0xa9,0x6e,0xe4,0x75,0xf7,0x79,0x2c,0xe4,0xc2,0x63,0xe3,0x35,0x70,0xf2,0x75,
  0xb2,0xf9,0xf9,0x37,0x2a,0xaf,0x2c,0x29,0x54,0xe6,0xa6,0x2f,0x1b,0x95,0xd9,0x64,
  0x53,0x70,0x78,0x54,0xb3,0x6d,0xe,0xbb,0xe6,0xe,0x8f,0x85,0xdc,0xc0,0xcb,0x67,
  0x37,0xf9,0xc6,0x6,0x49,0x96,0x6f,0x8e,0x70,0x75,0x9c,0x55,0xff,0xcf,0xff,0xec,
  0x2d,0x11,0x1c,0x1e,0xa5,0xe9,0x3f,0xf9,0xb3,0xcb,0x9f,0x8b,0xbf,0xc5,0x97,0x94,
  0xf3,0x5,0x4,0x85,0x34,0xf9,0x73,0xd,0xe,0x8f,0xd2,0x75,0x3f,0x7f,0x5d,0x43,
  0xae,0xbe,0xdd,0xed,0x7e,0xc5,0xf6,0x1d,0xa4,0xe9,0x8f,0xbf,0xa0,0x4b,0xe6,0x3c,
  0xa6,0xe5,0xcf,0x3f,0xa6,0x8c,0x35,0xb,0xdd,0x3e,0x17,0x80,0x6f,0x75,0xc8,0x67,
  0x72,0x93,0xee,0x9d,0x6b,0xfd,0xed,0xda,0xe1,0x50,0xda,0xbb,0x2f,0xb4,0xaa,0xcd,
  0xf4,0x45,0xff,0xb4,0x2c,0x8f,0x4b,0x4e,0x75,0x39,0xb9,0xa5,0xa5,0x86,0x5d,0x73,
  0x87,0xe5,0x2f,0xf9,0x1d,0xcb,0xe7,0xc9,0xde,0xca,0x9d,0x57,0xba,0x25,0xd,0x54,
  0xf7,0xfe,0x43,0xdb,0xda,0x35,0x49,0xd2,0x88,0x99,0x77,0x7b,0xa4,0x1d,0x6f,0x99,
  0xf6,0xf0,0x6f,0x15,0xde,0xad,0xa7,0xd7,0xda,0x8f,0xec,0xd1,0x47,0xf,0xce,0xdb,
  0xda,0xa2,0x80,0x3b,0x57,0x54,0x7c,0x92,0xbe,0xf3,0xa7,0x5,0x9a,0xfe,0xf8,0xb,
  0xf2,0xf3,0xef,0x90,0xdf,0xf,0x1,0x9c,0xa7,0xc3,0x85,0x5c,0x5c,0xf2,0x10,0xd,
  0x9d,0x3e,0xc7,0xb2,0x2e,0x63,0xed,0x62,0x15,0x1f,0xd9,0xdf,0xaa,0x76,0xf,0xa6,
  0xad,0xd0,0xc9,0xc2,0x63,0x96,0x75,0xc3,0x67,0xdc,0xd9,0xaa,0x36,0xcf,0xe7,0x2a,
  0x44,0xd2,0x97,0xbc,0xd5,0xa6,0x76,0xad,0xee,0x40,0x5b,0xaa,0x4b,0x4c,0x77,0xf5,
  0xbf,0x74,0x7a,0x9b,0xdb,0xf1,0x96,0x84,0xd4,0x31,0x1a,0x73,0xcb,0x43,0x5e,0x6b,
  0x3f,0x24,0x22,0x5a,0x77,0xbe,0xb4,0x5c,0x5d,0x7b,0x25,0xb7,0xb9,0xad,0x4b,0xee,
  0xf8,0x7f,0xba,0xfe,0x57,0xff,0x6c,0x76,0x98,0x13,0x80,0xef,0x75,0xa8,0x90,0xf3,
  0xf,0xc,0xd2,0x4d,0xcf,0xbc,0xeb,0xf2,0x5b,0x72,0xda,0xbb,0x7f,0x6a,0x75,0xdb,
  0xe,0x7b,0x9d,0x76,0x2c,0x7b,0xc7,0xb2,0x6e,0xd8,0xf4,0x39,0xb2,0xf9,0xb5,0xed,
  0x47,0xd1,0x23,0x65,0x84,0x7a,0xc,0x18,0xee,0x54,0x5e,0xb0,0x7f,0xbb,0xa,0xf6,
  0x6f,0x6f,0x53,0xdb,0xa9,0x57,0xb6,0x3d,0xe4,0x86,0x4e,0x9f,0xd3,0x61,0xef,0x3e,
  0x6c,0x7e,0x7e,0x9a,0xf5,0xe4,0x6b,0x6d,0xfe,0x6f,0xd0,0x94,0xdb,0xfe,0xf8,0x89,
  0xe2,0x92,0x87,0x38,0x95,0x1f,0xdd,0xbd,0x51,0x8b,0x9f,0xf9,0xbe,0x5e,0xbe,0x79,
  0x90,0x9e,0x9d,0xd4,0x45,0x7f,0xbc,0x32,0x4e,0x7f,0xbf,0x7b,0x9c,0xbe,0x7e,0xe3,
  0x37,0x2a,0xcb,0xcb,0x76,0xd9,0xde,0xf0,0x19,0x77,0x6a,0xda,0xc3,0xbf,0xf5,0x5a,
  0x7f,0x1,0x78,0x46,0x87,0xa,0xb9,0x2b,0x1e,0xfa,0x8d,0x7a,0xa6,0x8c,0xb4,0xac,
  0x3b,0xb8,0x61,0xb9,0xb2,0xb7,0x7e,0xdd,0xa6,0xf6,0xb7,0xb9,0x18,0xb2,0xc,0x8f,
  0x8d,0x57,0xbf,0xb1,0xd3,0xda,0xd4,0xb6,0xa7,0xee,0xe2,0xec,0x75,0xb5,0x4e,0x65,
  0x71,0xc9,0x43,0x14,0xdb,0x77,0x50,0x6b,0xba,0xd5,0x60,0xc4,0x8c,0xbb,0xda,0x74,
  0xbe,0x37,0x8d,0xbd,0xf5,0x11,0xc5,0xf,0x1e,0xed,0xd5,0x6b,0xf4,0x19,0x3e,0xa1,
  0xd1,0x9f,0xab,0x4e,0x95,0x6b,0xe1,0xd3,0xf7,0xeb,0x8d,0x7b,0xc6,0x6b,0xeb,0x82,
  0x37,0x54,0x9c,0x9d,0xa1,0x9a,0x33,0x95,0xaa,0x2c,0x2d,0xd2,0xb1,0x3d,0x9b,0xf4,
  0xd5,0x6b,0xbf,0xd4,0xcb,0xb7,0xc,0x56,0xda,0xbb,0x7f,0x92,0xc3,0x6e,0xb7,0x6c,
  0x73,0xe2,0x3d,0x3f,0x53,0x9f,0x11,0x13,0xbd,0xda,0x6f,0x0,0x6d,0xd3,0x21,0x42,
  0x2e,0x20,0x38,0x54,0x93,0xee,0x9d,0xab,0x9,0x77,0x5a,0xef,0x6e,0x72,0xa6,0xbc,
  0x44,0x8b,0x7e,0xf3,0x40,0x9b,0xaf,0x53,0x9c,0x9d,0xa1,0xdc,0x1d,0x69,0x96,0x75,
  0x6d,0x19,0xb2,0xb4,0xf9,0xf9,0x6b,0xd8,0x35,0x77,0x38,0x95,0xdb,0x6b,0x6b,0xb4,
  0x63,0xf9,0xbc,0x16,0xb5,0x55,0x59,0x5a,0x64,0x79,0xe7,0xd7,0x96,0x21,0xcb,0xb8,
  0xe4,0x54,0xaf,0x87,0x48,0x6b,0x85,0xc7,0xc6,0x6b,0xea,0xc3,0xcf,0xb4,0xeb,0x35,
  0x4f,0x9d,0x38,0xae,0x37,0xee,0xbd,0xc4,0xe5,0x73,0xda,0x7a,0xb5,0x55,0xa7,0xb5,
  0xf2,0xc5,0x27,0xb4,0xf8,0xb7,0xff,0x25,0x39,0x1c,0x4e,0xf5,0x36,0x3f,0x3f,0x5d,
  0xf7,0x8b,0xd7,0xbd,0x7a,0x7,0xa,0xa0,0x6d,0x7c,0xf2,0x7f,0x67,0x40,0x70,0xa8,
  0x62,0xfa,0x5c,0xa4,0xbe,0xa3,0xa7,0xe8,0x92,0x3b,0x7e,0xac,0xc7,0x16,0x1e,0xd2,
  0xb4,0x1f,0xfe,0xce,0xe5,0x2f,0x8b,0xa5,0xcf,0x3d,0xec,0xf2,0x79,0x5a,0x4b,0x6d,
  0x5b,0xf4,0xf,0xcb,0xf2,0xc1,0x57,0xdc,0xa4,0xc0,0x90,0xb0,0x56,0xb5,0xd9,0xff,
  0x92,0xab,0x2c,0x27,0x4c,0x1c,0xd8,0xb0,0xbc,0xc5,0x33,0x41,0x25,0x69,0xf7,0xaa,
  0x8f,0x9c,0xca,0xda,0x12,0x72,0xc3,0x2d,0xee,0xe2,0x8e,0x1f,0xda,0xd5,0xea,0xf6,
  0x3c,0xe9,0x9a,0xc7,0xff,0xec,0xf6,0x8c,0x4e,0x4f,0xa8,0x3a,0x55,0xae,0xb7,0x1f,
  0x9a,0xa6,0xa2,0xcc,0xbd,0x6e,0x9f,0xb3,0x6d,0xe1,0x9b,0x5a,0xf5,0x92,0xf5,0xbb,
  0xc,0xe3,0x92,0x87,0x78,0xe4,0x99,0x29,0x0,0xef,0x68,0xf7,0x90,0x1b,0x75,0xe3,
  0xf7,0xf5,0x8b,0xf5,0x95,0x7a,0xf4,0xd3,0x3,0xba,0xe7,0xf5,0xaf,0x34,0xfd,0xf1,
  0x3f,0x2b,0x3c,0x36,0xde,0xf2,0xd8,0xda,0xea,0x33,0x5a,0xf8,0xf4,0xfd,0xda,0xb5,
  0xf2,0x7d,0x8f,0x5d,0x7f,0xf7,0xe7,0x1f,0x5a,0x2e,0x24,0xf,0xa,0xb,0xd7,0xc0,
  0xcb,0xaf,0x6f,0x55,0x9b,0x2e,0x87,0x2a,0x17,0xbf,0xd5,0xaa,0xf6,0xf6,0x7c,0xf1,
  0xb1,0x53,0x59,0x8f,0x94,0x11,0x8a,0xe9,0x73,0x51,0x8b,0xdb,0xb2,0xf9,0xf9,0x59,
  0xde,0xa5,0xee,0x58,0x6a,0xfd,0x7c,0xb2,0x3d,0xf5,0xbf,0xe4,0x6a,0xcb,0x99,0x8e,
  0x75,0x35,0xd5,0x5e,0xbb,0xe6,0xaa,0x97,0xe6,0xb6,0x2a,0xe0,0x37,0xbc,0xfb,0xbc,
  0x72,0x76,0x6c,0xb0,0xac,0x9b,0x70,0xd7,0x4f,0xdb,0xda,0x2d,0x0,0x5e,0xd2,0xee,
  0x21,0xe7,0xee,0xe4,0x87,0x9c,0xed,0xeb,0xf5,0xe6,0x7d,0x13,0x9a,0x1d,0x52,0x6a,
  0xa9,0xaa,0x53,0xe5,0xda,0xfb,0xe5,0x27,0x96,0x75,0xad,0x19,0xb2,0xc,0xee,0x12,
  0x69,0xb9,0xa6,0xaf,0xb2,0xb4,0x48,0xfb,0xd7,0x2e,0x69,0x71,0x7b,0xd2,0xd9,0x61,
  0xd5,0xe3,0x7,0x77,0x3a,0x95,0xb7,0xe6,0x8e,0xa1,0xef,0x98,0x2b,0x9c,0xd6,0xc6,
  0x9d,0x2c,0x3c,0xa6,0xc3,0x1b,0x57,0xb5,0xaa,0x6f,0x9e,0xe2,0x1f,0x14,0xac,0x19,
  0x3f,0x7b,0xc5,0xa9,0xbc,0xf4,0x58,0xa6,0xcb,0xff,0x3e,0x6d,0x75,0x74,0xd7,0xb7,
  0xda,0xfc,0x89,0xf5,0x42,0xf3,0xe6,0x38,0xec,0x76,0x2d,0x7b,0xee,0x11,0xcb,0xba,
  0x84,0xd4,0x31,0x6d,0x7e,0x66,0xa,0xc0,0x3b,0x3a,0xe4,0xc3,0x84,0x55,0x2f,0xcd,
  0xd5,0x3f,0xbe,0x37,0x49,0xf9,0x19,0xdb,0xbc,0xd2,0xbe,0xab,0x9,0x28,0xfd,0x2f,
  0xb9,0x5a,0x61,0x5d,0xe3,0x5a,0xd4,0x56,0xea,0xb4,0x5b,0x14,0x10,0x1c,0xea,0x54,
  0xbe,0xf3,0xb3,0xf7,0x5a,0xbd,0x36,0x4e,0xf2,0xdc,0x90,0xa5,0xd5,0x84,0x93,0x9d,
  0xcb,0xe7,0xb9,0x9c,0x4c,0xd1,0x5e,0x2e,0xbb,0xf7,0x49,0xcb,0x3b,0xd3,0xa5,0xcf,
  0x3d,0xec,0xb5,0x2d,0xdb,0xbe,0x7d,0xff,0x2f,0x96,0xcf,0xd6,0xdc,0x95,0xbf,0x3f,
  0x5d,0x79,0xfb,0xb6,0x5a,0xd6,0xb5,0x76,0xed,0x1d,0x0,0xef,0xea,0x90,0x21,0x77,
  0xe5,0xa3,0xcf,0xe9,0xde,0xbf,0xad,0x39,0xbb,0xe5,0x92,0x17,0x64,0x6d,0x59,0xad,
  0xd2,0x63,0x99,0x4e,0xe5,0x7e,0xfe,0x1,0x1a,0x7a,0xf5,0x77,0x5a,0xd4,0xd6,0xf0,
  0x99,0xd6,0xb3,0x16,0xb7,0x2f,0xf9,0x57,0xab,0xfa,0x56,0x6f,0x8f,0x45,0xc8,0xc5,
  0xf,0x1e,0xad,0xe8,0x84,0x7e,0x6e,0xb7,0x11,0x18,0x12,0xa6,0xc1,0x53,0x6f,0x76,
  0xee,0xdb,0xd2,0xb7,0xdb,0xd4,0xb7,0xb6,0x8a,0x49,0x1c,0x70,0x76,0xc1,0xff,0x79,
  0xf6,0xac,0xfa,0x48,0x7,0x37,0x7c,0xe6,0x95,0x6b,0x9e,0x39,0x59,0xaa,0xbd,0x5f,
  0xce,0x6f,0x73,0x3b,0xae,0x96,0xa1,0xf4,0x1b,0x33,0xb5,0xcd,0x6d,0x3,0xf0,0xbc,
  0x76,0xf,0xb9,0x93,0x85,0xc7,0x74,0x22,0xe7,0x60,0xb3,0xaf,0xc9,0x49,0x1a,0x35,
  0x59,0x77,0xff,0xf5,0xb,0x5d,0xfe,0xfd,0x5f,0x7a,0x7e,0xf6,0x9a,0xc3,0xa1,0x74,
  0x17,0x21,0xd4,0x92,0x21,0xcb,0xa8,0xf8,0x24,0xf5,0x1d,0x75,0xb9,0x53,0xf9,0xf1,
  0x83,0x3b,0x5d,0x7e,0xe3,0x77,0x57,0x51,0xd6,0x3e,0xcb,0x67,0x47,0xa9,0xd3,0x9c,
  0x43,0xcb,0x95,0x41,0x57,0xdc,0xa8,0xa0,0xb0,0xf0,0x46,0x65,0xf9,0x19,0xdb,0x7c,
  0x3e,0xe9,0x64,0xe6,0xdc,0x57,0x9d,0xb6,0xe8,0xaa,0x3a,0x55,0xae,0xcf,0xfe,0xf4,
  0x63,0xaf,0x5d,0xf3,0xf0,0xb7,0x9f,0x7b,0x64,0xdf,0xc9,0x23,0xe9,0xeb,0x2d,0xcb,
  0x7b,0xf,0x1d,0xef,0xd6,0xb6,0x63,0x0,0xda,0x57,0xbb,0x87,0x5c,0xc6,0x9a,0x85,
  0x7a,0xe9,0xc6,0x1,0xfa,0xed,0xc4,0x30,0xbd,0x7a,0xdb,0x10,0x6d,0x99,0xff,0xba,
  0xcb,0xa1,0x33,0x9b,0x9f,0x9f,0xa6,0x3c,0xf8,0x6b,0xcd,0x79,0x61,0x91,0xfc,0x3,
  0x83,0x3c,0xda,0x8f,0xf4,0xc5,0x6f,0x59,0xe,0x5d,0xf5,0x1a,0x32,0x4e,0x31,0x89,
  0x3,0xdc,0x6a,0x63,0xf8,0xb5,0x77,0x5a,0xee,0x7a,0xd1,0xda,0x9,0x27,0xe7,0xb3,
  0xba,0x9b,0x6b,0xc9,0x90,0xa5,0xd5,0x84,0x18,0x5f,0xdf,0xc5,0xd,0x9d,0x3e,0x47,
  0xc9,0xe3,0xae,0x74,0x2a,0xff,0xf2,0x95,0x5f,0x78,0x6c,0x6,0xad,0x95,0x63,0x7b,
  0xb7,0x78,0xa4,0x9d,0xe3,0x7,0x77,0x5a,0xae,0x65,0xf4,0xf,0xa,0x56,0xb7,0x3e,
  0xee,0xfd,0xbd,0x1,0xd0,0x7e,0x7c,0x36,0x5c,0x59,0x57,0x53,0xad,0xc2,0xc3,0x7b,
  0xb4,0xe4,0xd9,0x1f,0xe8,0xef,0x77,0x8f,0x55,0x5e,0x13,0xbf,0x84,0x6,0x4c,0x9a,
  0xa9,0x1b,0x9f,0x7e,0xc7,0xa3,0x77,0x74,0x65,0x79,0xd9,0xca,0xdc,0xfc,0x95,0x65,
  0xdd,0xf0,0x6b,0xdd,0xbb,0x9b,0x1b,0x61,0x31,0x54,0x69,0xaf,0xab,0x6d,0xf1,0xda,
  0x38,0x57,0xac,0x66,0x59,0xf6,0x1a,0x32,0x4e,0x91,0x3d,0xfa,0x34,0x7b,0x6e,0x78,
  0x6c,0xbc,0x92,0xc7,0x35,0x5e,0xe0,0x6e,0xaf,0xab,0xd5,0xce,0xcf,0xde,0xf3,0x48,
  0xdf,0x5a,0x23,0x38,0x3c,0x4a,0xd3,0x1f,0x77,0xde,0x7b,0xf4,0xd8,0x9e,0xcd,0xda,
  0xf4,0xf1,0xab,0x5e,0xbd,0x76,0x53,0x7f,0xbf,0x5a,0xa2,0xb6,0xfa,0x8c,0x4a,0x8e,
  0x1e,0xb6,0xac,0x6b,0xcd,0xec,0x57,0x0,0xde,0xd5,0x21,0x9e,0xc9,0xe5,0xed,0xdb,
  0xaa,0x7f,0xfd,0x60,0xaa,0xe5,0x8c,0xc2,0x7a,0x43,0xae,0xba,0x4d,0xd7,0xfc,0xe4,
  0x45,0x8f,0x5e,0xd7,0xd5,0x9a,0xb9,0xe1,0xd7,0x7e,0xb7,0xd9,0x73,0x7b,0xd,0x1d,
  0xaf,0x6e,0x49,0x3,0x9d,0xca,0xf,0x6e,0xf8,0x4c,0xa7,0x4e,0x34,0xff,0xa,0x1d,
  0x77,0x14,0x1e,0xde,0xa3,0xc2,0xc3,0x7b,0x1a,0x17,0xda,0x6c,0x6e,0xdd,0xcd,0xd,
  0xbf,0xf6,0xbb,0x4e,0x9b,0x45,0x1f,0x4a,0x5b,0xa1,0x53,0x27,0x8e,0x7b,0xa4,0x6f,
  0xad,0x61,0xb5,0x1,0xb3,0xc3,0x5e,0xa7,0x25,0xcf,0x3e,0xe8,0xf5,0x89,0x30,0x65,
  0x5,0x39,0x1e,0x6b,0xeb,0xcc,0xc9,0x52,0xcb,0xf2,0x88,0xee,0xbd,0x3c,0x76,0xd,
  0x0,0x9e,0xd1,0x21,0x42,0x4e,0x3a,0xfb,0x4c,0x66,0xde,0x8f,0x66,0xe8,0xe4,0xf1,
  0xa3,0x2e,0x8f,0x19,0x77,0xfb,0xa3,0x1a,0x31,0xeb,0x1e,0x8f,0x5d,0x73,0xef,0x97,
  0xf3,0x55,0x75,0xaa,0xdc,0xa9,0xbc,0x6b,0xef,0xfe,0xea,0x3d,0xfc,0xd2,0x26,0xcf,
  0x75,0xb5,0x4d,0x96,0xa7,0x86,0x2a,0xeb,0x59,0xe,0x59,0xba,0xb1,0x97,0xa5,0xd5,
  0x2,0x70,0x5f,0xe,0x55,0xba,0xda,0x80,0x79,0xe3,0x87,0xaf,0xb4,0xf9,0xf9,0xa5,
  0x3b,0xaa,0x2a,0xca,0x3c,0xd6,0x56,0x75,0x65,0x85,0x65,0x79,0x6b,0x37,0x13,0x0,
  0xe0,0x3d,0x1d,0x26,0xe4,0x24,0xa9,0xfc,0x78,0xae,0xe6,0xfd,0x78,0xa6,0x6a,0x4e,
  0x9f,0x72,0x79,0xcc,0xb5,0x3f,0xfd,0x8b,0xa2,0x7a,0x26,0x7a,0xe4,0x7a,0xb5,0x55,
  0xa7,0xb5,0x6b,0x85,0xf5,0x42,0xf3,0xa6,0x86,0x2c,0xfd,0x3,0x83,0x34,0x74,0xba,
  0xf3,0x2c,0xcc,0xd3,0xe5,0x27,0xb4,0x7f,0xed,0x62,0x8f,0xf4,0xad,0x9e,0xd5,0x52,
  0x82,0x3e,0xc3,0x2e,0xb5,0x7c,0x61,0x69,0x3d,0xab,0xcd,0xa2,0xab,0x2a,0xca,0x94,
  0xb1,0x66,0x91,0x47,0xfb,0xe6,0x2e,0x57,0x1b,0x30,0x9f,0x3c,0x7e,0x54,0x5f,0xbe,
  0xfa,0x54,0xbb,0xf4,0xe1,0x8c,0x7,0x43,0xce,0xd5,0xdf,0xcf,0x80,0xa0,0x10,0x8f,
  0x5d,0x3,0x80,0x67,0x74,0xa8,0x90,0x93,0xce,0xee,0xda,0xef,0x6a,0xb,0x25,0xe9,
  0xec,0xe2,0xeb,0x1b,0x7e,0xfd,0x2f,0x8f,0xbd,0xe6,0x24,0x7d,0xb1,0xf5,0x9a,0xb9,
  0xa1,0x57,0xdf,0x2e,0xbf,0x80,0x40,0xcb,0xba,0x1,0x13,0x67,0x28,0x34,0xaa,0x9b,
  0x53,0xf9,0xae,0xcf,0xfe,0xed,0xf1,0xdd,0x3a,0xa,0xf,0xef,0x76,0xde,0x82,0xca,
  0x66,0xb3,0x5c,0x1a,0x50,0xcf,0xea,0x2e,0x73,0xf7,0xaa,0x8f,0x7c,0xf6,0x56,0x6b,
  0x57,0x1b,0x30,0x2f,0x7f,0xfe,0x31,0x55,0x57,0x9e,0x6c,0x97,0x3e,0x34,0x37,0x9b,
  0xb7,0x25,0x5c,0xcd,0xa2,0xac,0xab,0xae,0xf2,0xd8,0x35,0x0,0x78,0x46,0x87,0xb,
  0x39,0x49,0xda,0xf8,0xd1,0x2b,0xca,0xde,0xba,0xc6,0x65,0x7d,0xdf,0xd1,0x53,0x34,
  0xfe,0xf6,0x47,0x3d,0x72,0xad,0xdc,0x9d,0xdf,0xa8,0x28,0x6b,0x9f,0x53,0x79,0x68,
  0x54,0x37,0x5d,0x34,0xe1,0x1a,0xcb,0x73,0xbc,0xf5,0xde,0x38,0x57,0xac,0x26,0xa0,
  0xb8,0x7a,0x2e,0x67,0xf3,0xf3,0xd7,0x30,0x8b,0x67,0x8a,0xbe,0x1a,0xaa,0x74,0xb5,
  0x1,0xf3,0x81,0xf5,0xcb,0xbc,0xb6,0xb3,0x89,0x15,0x77,0xde,0xc2,0xee,0xae,0xf3,
  0x97,0x65,0xd4,0xab,0x3e,0x6d,0x3d,0x8c,0x9,0xc0,0x77,0x3a,0x64,0xc8,0xc9,0xe1,
  0xd0,0xc2,0xa7,0xbf,0xd7,0xe4,0xce,0x17,0x53,0x1f,0x7e,0xc6,0x63,0xf,0xfa,0x5d,
  0x6d,0x1d,0x66,0x35,0x64,0x19,0x1a,0x19,0xa3,0x1,0x93,0x66,0x3a,0x95,0x17,0x1e,
  0xde,0xad,0x63,0x7b,0x36,0x7b,0xa4,0x3f,0xe7,0xb3,0x1a,0xb2,0x4c,0x1c,0x39,0x49,
  0x5d,0x62,0x7a,0x38,0x95,0x5b,0x6d,0x16,0x5d,0x7a,0x2c,0x53,0x47,0xd2,0xd7,0x79,
  0xa5,0x6f,0xcd,0xb1,0xda,0x80,0xb9,0xe6,0x4c,0xa5,0x96,0xfd,0xde,0x7a,0x8b,0x2c,
  0x6f,0x9,0xf1,0x64,0xc8,0x85,0x5a,0x87,0xdc,0xe9,0xb2,0x13,0x1e,0xbb,0x6,0x0,
  0xcf,0xe8,0x98,0x21,0x27,0xa9,0x24,0xf7,0x90,0xbe,0x78,0xf9,0x49,0x97,0xf5,0x41,
  0x61,0x11,0xba,0xf6,0x89,0xff,0xf5,0xc8,0xb5,0xb6,0x2f,0x7b,0xc7,0x72,0x38,0x2b,
  0xe5,0xb2,0x59,0xa,0xc,0xed,0xd2,0xa8,0x6c,0xf0,0xd4,0x9b,0x2c,0xd7,0xec,0xb9,
  0x5a,0x5c,0xee,0x9,0xc7,0xf,0xee,0x54,0x71,0x76,0x46,0xa3,0x32,0x9b,0x9f,0x9f,
  0x6,0x4f,0xbd,0xc9,0xe9,0x58,0xeb,0x9,0x27,0xef,0xb4,0x69,0x3b,0xab,0xd6,0x72,
  0xb5,0x1,0xf3,0x9a,0xbf,0x3f,0xad,0xd2,0x63,0x59,0xed,0xda,0x97,0x2e,0x5d,0xbb,
  0x7b,0xa6,0x21,0x9b,0x4d,0xd1,0xf1,0x49,0x96,0x55,0xc5,0x39,0x7,0x3c,0x73,0xd,
  0x0,0x1e,0xd3,0x61,0x43,0x4e,0x92,0xbe,0xfd,0xe0,0x25,0xe5,0x6c,0xb7,0xde,0x61,
  0x42,0x92,0x6,0x4f,0xbd,0x59,0x3,0x26,0xce,0x68,0xf3,0x75,0x2a,0x8a,0xf2,0x2c,
  0xb7,0x93,0xa,0xc,0x9,0x53,0xca,0x79,0x77,0x6d,0x43,0xae,0xba,0xcd,0xe9,0xb8,
  0xb3,0x6f,0x1d,0x7f,0xb7,0xcd,0xfd,0x68,0x8a,0x3b,0x7b,0x59,0x6,0x85,0x45,0x58,
  0x6e,0x16,0xed,0x6a,0x2b,0x2a,0x6f,0x72,0xb5,0x1,0x73,0xe1,0xe1,0xdd,0x4a,0x9b,
  0xe7,0xbc,0x56,0xce,0xdb,0x7a,0xa4,0x8c,0xf0,0x48,0x3b,0x5d,0x7b,0x25,0xbb,0x1c,
  0xfa,0x3c,0x71,0x84,0x90,0x3,0x3a,0x9a,0xe,0x1d,0x72,0x72,0x38,0xb4,0xe4,0xd9,
  0x1f,0x58,0xee,0x30,0x51,0x6f,0xc6,0xcf,0x5e,0xf1,0xc8,0xd4,0x6d,0x57,0x9b,0x36,
  0xa7,0x5e,0x79,0x6b,0xc3,0xbf,0x87,0x45,0xc7,0xaa,0xdf,0x58,0xe7,0x3d,0xa,0xf,
  0xa6,0xad,0x50,0x45,0x51,0x5e,0x9b,0xfb,0xd0,0x14,0xab,0xa5,0x4,0x7d,0x47,0x5f,
  0xae,0xb0,0xe8,0xd8,0x86,0x3f,0xa7,0x4e,0xbb,0xd9,0xe9,0x67,0x91,0xb3,0x63,0x83,
  0x4e,0xe4,0x1c,0xf4,0x6a,0xdf,0xac,0x58,0x6e,0xc0,0xec,0x70,0x68,0xf1,0x6f,0x1f,
  0x6c,0xd3,0xc6,0xd5,0xad,0x15,0x3f,0x68,0x94,0x47,0xda,0x49,0x70,0xf1,0xf2,0xd9,
  0xc2,0xc3,0x7b,0x2c,0x97,0xa3,0x0,0xf0,0xad,0x8e,0x1d,0x72,0x3a,0xfb,0x72,0xcf,
  0xa6,0xbe,0xf9,0x47,0x27,0xf4,0xd5,0xe4,0x7,0xfe,0xbb,0xcd,0xd7,0xd9,0xbf,0x76,
  0xb1,0x2a,0x4b,0x8b,0x9c,0xca,0x7,0x4c,0x9c,0xd1,0x10,0x1c,0x83,0xa7,0xde,0xe4,
  0xb4,0xc0,0x5a,0x6a,0xfb,0x66,0xcc,0xee,0x28,0x38,0xb0,0xc3,0xe9,0x4e,0xc1,0xe6,
  0xe7,0xaf,0x41,0x57,0xdc,0xd8,0xf0,0x67,0xcb,0x6d,0xbc,0x96,0xb4,0xff,0x84,0x13,
  0x57,0x1b,0x30,0x6f,0x5d,0xf8,0x66,0x93,0x77,0xe6,0xde,0x94,0x3c,0x6e,0x9a,0x47,
  0x66,0xe4,0x5a,0xdd,0x29,0x4b,0x52,0xe6,0xa6,0x2f,0xda,0xdc,0x36,0x0,0xcf,0xeb,
  0xf0,0x21,0x27,0x49,0x6b,0xfe,0xf6,0x6b,0x95,0xe5,0x65,0xbb,0xac,0x9f,0x70,0xe7,
  0x4f,0x14,0x97,0x3c,0xa4,0x4d,0xd7,0xa8,0xab,0xa9,0xd6,0x4e,0x8b,0xed,0xb8,0x2,
  0x43,0xc2,0xd4,0xef,0xff,0xb6,0xc7,0x1a,0x38,0x79,0xb6,0x53,0xfd,0x99,0xf2,0x12,
  0xed,0x5b,0xb3,0xb0,0x4d,0xd7,0x76,0x57,0x53,0x43,0x96,0x91,0x3d,0xfa,0x38,0xbd,
  0xb5,0xa1,0xae,0xba,0x4a,0xbb,0x57,0x7d,0xd8,0x1e,0x5d,0x6b,0xc4,0x6a,0x3,0xe6,
  0xca,0x92,0x42,0xad,0xfa,0xcb,0xcf,0xda,0xbd,0x2f,0xf5,0xa2,0x13,0xfa,0x29,0xe9,
  0xe2,0xc9,0x6d,0x6a,0x23,0x38,0x3c,0xaa,0xd1,0x97,0x8a,0x73,0x1d,0x58,0xbf,0xac,
  0x4d,0x6d,0x3,0xf0,0x8e,0x4e,0x11,0x72,0x35,0x67,0x2a,0xb5,0xfc,0x8f,0x3f,0x72,
  0x59,0xef,0x17,0x10,0xa8,0x59,0x3f,0x7f,0xad,0xcd,0xdf,0xd4,0xb7,0xb9,0x58,0x33,
  0x37,0x60,0xe2,0xc,0xf9,0x7,0x5,0x5b,0xbe,0xfa,0x67,0xd7,0xca,0xf7,0xdb,0x6d,
  0x7d,0x94,0xd5,0x90,0x65,0xbf,0xb1,0x53,0x15,0x1a,0x19,0x73,0xf6,0xed,0x9,0xe7,
  0x7d,0xfe,0xfd,0xeb,0x96,0xe8,0x4c,0x79,0x49,0xbb,0xf4,0xad,0xde,0xb0,0x6b,0xac,
  0x37,0x60,0x5e,0xf9,0xe2,0x13,0x3a,0x5d,0xee,0xdb,0xd9,0x87,0xe3,0x6e,0x6b,0xdb,
  0x8c,0xce,0x71,0xb7,0x3d,0x62,0xb9,0xe0,0xbb,0xa2,0x28,0x4f,0x87,0xbe,0xf9,0xbc,
  0x4d,0x6d,0x3,0xf0,0x8e,0x4e,0x11,0x72,0x92,0x94,0xf1,0xf5,0x22,0x65,0x34,0x71,
  0xc7,0x94,0x38,0x72,0x92,0x2e,0x9e,0x7d,0x7f,0x9b,0xae,0x51,0xb0,0x7f,0xbb,0xe5,
  0x8b,0x5a,0x7,0x4c,0x9c,0xa1,0xc4,0x91,0x93,0x9c,0x66,0x5a,0x4a,0xde,0x9d,0x55,
  0x79,0xbe,0xfc,0xfd,0xe9,0x4e,0xcf,0xd7,0xfc,0xfc,0x3,0x34,0x70,0xca,0xf5,0x96,
  0xb,0xc0,0x7d,0x31,0x54,0x39,0xe1,0xae,0x9f,0x3a,0x95,0x65,0x6d,0x59,0xed,0xf3,
  0xb7,0x1f,0x48,0x67,0x9f,0xaf,0xa6,0x5c,0x36,0xab,0x55,0xe7,0x76,0x4b,0x4c,0x71,
  0x39,0x2c,0x9e,0xbe,0xf8,0x2d,0x8f,0x2e,0x36,0x7,0xe0,0x39,0x9d,0x26,0xe4,0x24,
  0x69,0xd9,0x1f,0x1e,0x6d,0x72,0xcb,0xaf,0xab,0x1e,0xfb,0x43,0xa3,0x89,0x18,0xad,
  0x61,0x35,0x1,0x25,0xaa,0x67,0xa2,0x26,0xdc,0xf9,0x84,0x53,0x79,0x51,0xd6,0x3e,
  0x1d,0xdd,0xf5,0x6d,0x9b,0xae,0xd7,0x52,0x56,0x77,0x73,0x93,0xbf,0xf7,0x94,0x62,
  0xfb,0xd,0x6e,0x54,0x56,0x59,0x5a,0xa4,0x3,0x1b,0x96,0xb7,0x57,0xb7,0x1a,0x9c,
  0xbf,0xbc,0xa2,0xae,0xa6,0x5a,0x4b,0x7f,0xe7,0xbc,0x67,0xa5,0xaf,0x5c,0xf7,0xd4,
  0xdf,0x5b,0xfc,0xb6,0x80,0x90,0xc8,0xae,0xba,0xe5,0xb9,0xf,0x2c,0xef,0xe2,0xaa,
  0x2a,0xca,0xb4,0xe1,0x9d,0xe7,0x3d,0xd5,0x3d,0x0,0x1e,0xd6,0xa9,0x42,0xae,0xbc,
  0x20,0x47,0xab,0xff,0xf6,0x3f,0x2e,0xeb,0x43,0x23,0x63,0x74,0xf5,0x8f,0xdb,0xf6,
  0xb,0x67,0xe7,0x67,0xef,0x59,0x6e,0xcd,0x65,0xb5,0xfb,0x89,0xa7,0x37,0x63,0x76,
  0x87,0xd5,0xee,0x27,0x5d,0x7b,0x25,0x3b,0x95,0xed,0x5a,0xf1,0x6f,0x9f,0xcc,0x62,
  0x3c,0xdf,0xfa,0x7f,0xfd,0xde,0x72,0x47,0x19,0x5f,0x9,0xef,0xd6,0x53,0xf7,0xbe,
  0xbe,0x5a,0x71,0xc9,0xa9,0x6e,0x1f,0x7f,0xf7,0xab,0xab,0xd4,0x33,0x65,0xa4,0x65,
  0xfd,0xd7,0x6f,0x3e,0xe3,0xf3,0x61,0x58,0x0,0xae,0x75,0xaa,0x90,0x93,0xa4,0x6f,
  0xde,0x7b,0x51,0x5,0x7,0x76,0xb8,0xac,0x1f,0x31,0xeb,0x1e,0x25,0x59,0xbc,0xad,
  0xdb,0x5d,0xa7,0xcb,0x8a,0x95,0xf1,0x75,0xf3,0x1b,0x19,0x3b,0xec,0x76,0x9f,0xac,
  0x3f,0xcb,0xdb,0xb7,0x55,0x25,0xb9,0x87,0x9a,0x3d,0xae,0x23,0xc,0xf,0x9e,0xc8,
  0x39,0xa8,0xb5,0xff,0x78,0xd6,0xd7,0xdd,0x70,0x12,0xd1,0xbd,0x97,0x1e,0x7c,0x77,
  0xab,0x26,0x3f,0xf0,0xdf,0x2e,0xd7,0xbc,0x5,0x4,0x85,0x68,0xf4,0x4d,0xff,0xa5,
  0x47,0x3e,0xde,0xeb,0x72,0xf9,0x41,0xf6,0xd6,0x35,0x3e,0x59,0xf3,0x7,0xc0,0x7d,
  0x1,0xbe,0xee,0x40,0x4b,0xd9,0xeb,0x6a,0xb5,0xf4,0x77,0xf,0xe9,0xfe,0x37,0xd7,
  0xb9,0x9c,0x68,0x32,0xeb,0xc9,0xbf,0xea,0xb5,0x3b,0x46,0xb6,0x7a,0xb3,0xe4,0xf4,
  0x45,0xff,0x6c,0xf6,0x9d,0x6d,0x87,0xbf,0xfd,0xdc,0xab,0x6f,0xb2,0x6e,0xca,0x9e,
  0x2f,0x3e,0xd6,0xc4,0x7b,0x5c,0xcf,0x54,0x2c,0xca,0xdc,0xeb,0xb5,0x2d,0xc6,0x5a,
  0x62,0xe9,0x73,0xf,0xfb,0x6c,0x53,0xe8,0xe6,0xf8,0x7,0x5,0xeb,0x8a,0x1f,0x3c,
  0xad,0xc9,0xf7,0xff,0x42,0x7,0xbf,0x59,0xa1,0xc2,0xc3,0x7b,0x54,0x51,0x9c,0xaf,
  0xb0,0xe8,0x58,0xc5,0xf4,0xb9,0x48,0x3,0x26,0xce,0x70,0xda,0x8e,0xec,0x5c,0x65,
  0xf9,0x47,0xf4,0xc9,0x53,0xdf,0xf5,0xfa,0x7b,0xf0,0x0,0xb4,0x4d,0xa7,0xbb,0x93,
  0x93,0xce,0x2e,0x70,0xde,0xba,0xe0,0xd,0x97,0xf5,0xb1,0xfd,0x6,0x5b,0x4e,0x80,
  0x70,0xd7,0xc1,0xb4,0x15,0xcd,0x6,0x98,0x2f,0x86,0x2a,0xeb,0x59,0x2d,0x25,0x38,
  0x57,0x47,0xb8,0x8b,0xdb,0xb5,0xe2,0xdf,0x3a,0xfc,0x6d,0xc7,0x99,0x71,0x78,0x60,
  0xdd,0x52,0xcb,0x37,0x7a,0xfb,0x7,0x5,0x6b,0xe0,0xe4,0xd9,0x9a,0x74,0xef,0x5c,
  0x5d,0xf3,0x93,0x17,0x35,0xf9,0x7b,0x4f,0x69,0xe8,0xd5,0xdf,0x69,0x32,0xe0,0xca,
  0x8f,0xe7,0xea,0x5f,0xf,0x5e,0xd1,0xe4,0xbb,0xf,0x1,0x74,0xc,0x9d,0x32,0xe4,
  0x24,0x69,0xd5,0x4b,0x73,0x55,0x59,0x52,0xe8,0xb2,0x7e,0xf2,0x3,0x4f,0x59,0x3e,
  0xab,0x72,0x87,0xc3,0x5e,0xd7,0x64,0x50,0x54,0x55,0x94,0x69,0xdf,0xea,0x5,0xad,
  0x6a,0xdb,0x13,0xf2,0xf6,0x6e,0x51,0xe9,0xb1,0x4c,0xcb,0x3a,0x87,0xdd,0xae,0x1d,
  0x16,0xeb,0xfd,0xda,0x53,0x55,0x45,0x99,0x56,0xbc,0xf0,0xb8,0x4f,0xfb,0x70,0xbe,
  0xfa,0x60,0xb2,0xa,0xba,0x96,0xc8,0xdc,0xf8,0x85,0xfe,0x7e,0xd7,0xd8,0x36,0xb7,
  0x3,0xa0,0x7d,0x74,0xda,0x90,0x3b,0x5d,0x7e,0x42,0x2b,0x5f,0x74,0x9e,0xf1,0x58,
  0x2f,0x20,0x28,0x44,0x33,0xe7,0xbe,0xda,0xea,0xf6,0x9b,0xba,0x53,0xdb,0xb5,0xf2,
  0x3,0x9f,0xf,0xc3,0xed,0x59,0xe5,0x3c,0x1,0x45,0x3a,0x3b,0x5d,0xbf,0xbc,0x20,
  0xa7,0x9d,0x7b,0xd3,0xd8,0xaa,0x97,0x9f,0x54,0x45,0x71,0xbe,0x4f,0xfb,0x60,0xa5,
  0x2c,0xff,0x88,0x5e,0xbf,0xe3,0x62,0x6d,0x5b,0xf8,0x66,0x8b,0xcf,0x3d,0x75,0xa2,
  0x40,0xcb,0x7e,0xff,0x88,0xde,0xf9,0xe1,0xd5,0x1d,0xf2,0xb3,0x1,0xb0,0xe6,0xb5,
  0x67,0x72,0x47,0xd2,0xd7,0x29,0xc8,0x62,0x5d,0x59,0xf1,0x91,0xfd,0x1e,0xbb,0xc6,
  0xf6,0xa5,0x6f,0xab,0xef,0xe8,0x29,0xea,0xda,0xdb,0xfa,0x8e,0x2d,0x20,0x38,0x44,
  0xf1,0x83,0x46,0x29,0x6f,0xdf,0xd6,0x16,0xb7,0x5d,0x9c,0x9d,0xa1,0xa3,0xbb,0x37,
  0xaa,0xd7,0x90,0x71,0x4e,0x75,0x9e,0x78,0x6f,0x9c,0xc3,0x61,0xb7,0x7c,0x67,0x5e,
  0x65,0x69,0xb1,0x5b,0xe7,0xef,0xf8,0x6c,0x9e,0x7a,0xd,0x75,0xee,0xdb,0xc6,0xf,
  0x5e,0x72,0xeb,0xfc,0xea,0xd3,0x15,0x96,0xd7,0x3f,0xe9,0xe6,0x1e,0x9c,0x39,0x3b,
  0xd3,0xd4,0xa5,0x6b,0x9c,0x53,0x79,0x79,0x41,0xae,0xb6,0xcc,0x7f,0xdd,0xad,0x36,
  0x5c,0x29,0xca,0xce,0xb0,0xee,0x9b,0x7,0x86,0x7,0xab,0x4e,0x95,0x6b,0xd1,0x6f,
  0x1e,0xd0,0xf6,0xa5,0x6f,0x6b,0xcc,0x2d,0xf,0x69,0xd0,0x94,0x1b,0x9a,0x7c,0xa3,
  0x77,0xee,0x8e,0x34,0x6d,0x5f,0xf6,0x8e,0xb6,0x2f,0x7d,0xbb,0xc9,0xe5,0x2b,0x0,
  0x3a,0x26,0xdb,0x94,0x4,0x39,0xa6,0xc4,0xfb,0xba,0x1b,0x1d,0x8f,0xcd,0xcf,0x5f,
  0x8f,0x2f,0xcb,0x51,0x78,0x6c,0xe3,0x1f,0x4e,0x71,0x76,0x86,0x5e,0xbe,0x79,0x90,
  0x8f,0x7a,0x85,0xe6,0x4c,0xbc,0xe7,0x67,0xba,0xf2,0xd1,0xe7,0x9c,0xca,0xb7,0xcc,
  0x7f,0x5d,0x4b,0x9e,0xfd,0x81,0x53,0x79,0x70,0x78,0x94,0x12,0x47,0x4e,0x52,0x64,
  0xf7,0xde,0x8a,0xec,0xd1,0x5b,0x36,0x9b,0x9f,0x2a,0x4b,0x8b,0x54,0x7c,0x64,0xbf,
  0x72,0x77,0x7e,0xa3,0xd3,0x65,0xee,0x7d,0xe9,0x0,0xd0,0xf1,0xac,0xce,0xeb,0x84,
  0xb3,0x2b,0xdb,0x4b,0xca,0xa4,0x99,0x4e,0x1,0x27,0x9d,0xdd,0x64,0x18,0xe6,0xa8,
  0xaa,0x28,0xd3,0x81,0x75,0x4b,0x7d,0xdd,0xd,0x0,0x5e,0xd2,0x69,0x9f,0xc9,0x79,
  0xdb,0x98,0x5b,0x9c,0x77,0xe9,0xb0,0xd7,0xd6,0xb4,0xcb,0x1b,0x7,0x0,0x0,0x9e,
  0x41,0xc8,0x59,0x88,0x4e,0xe8,0xa7,0x8b,0x2e,0x9d,0xee,0x54,0x9e,0xf1,0xf5,0x62,
  0x9d,0x3a,0x71,0xdc,0x7,0x3d,0x2,0x0,0xb4,0x6,0x21,0x67,0x61,0xcc,0xcd,0xf,
  0x5a,0x2e,0x34,0x6f,0x6a,0x6d,0x1e,0x0,0xa0,0xe3,0x21,0xe4,0xce,0x13,0x18,0x12,
  0x66,0xf9,0x36,0x83,0xd2,0x63,0x99,0x3a,0xf4,0xcd,0xa,0x1f,0xf4,0x8,0x0,0xd0,
  0x5a,0x84,0xdc,0x39,0x82,0xc2,0xc2,0xf5,0xdd,0xbf,0x2c,0x53,0x98,0xc5,0xd4,0xf8,
  0xb4,0x77,0x5f,0x60,0xb,0x27,0x0,0xe8,0x64,0x2e,0xb8,0x90,0xeb,0x12,0xd3,0x43,
  0x7e,0x1,0x81,0x4e,0xe5,0x31,0x89,0x3,0x74,0xd7,0xcb,0x2b,0x2d,0x37,0x77,0x3e,
  0x5d,0x56,0xac,0x6d,0x8b,0xfe,0xd1,0x1e,0xdd,0x3,0x0,0x78,0xd0,0x5,0xb7,0x84,
  0xe0,0xaa,0xc7,0xfe,0xa0,0x61,0xd7,0xdc,0xa1,0x92,0xa3,0x87,0x55,0x9c,0xbd,0x5f,
  0xfe,0x1,0x81,0x8a,0xec,0xd1,0xa7,0xc9,0x57,0xaf,0x6c,0x78,0xe7,0x79,0xd5,0x9c,
  0xa9,0x6c,0xc7,0x5e,0x2,0x0,0x3c,0xe1,0x82,0xb,0xb9,0xb2,0xfc,0x23,0xf2,0xf3,
  0xf,0x50,0xb7,0xc4,0x14,0x75,0x4b,0x4c,0x69,0xf6,0xf8,0xbc,0xbd,0x5b,0x78,0x29,
  0x26,0x0,0x74,0x52,0x17,0xdc,0x70,0x65,0x59,0x5e,0xb6,0xdb,0xc7,0xd6,0x55,0x57,
  0xe9,0xd3,0x5f,0xdd,0x23,0x7b,0x5d,0xad,0x17,0x7b,0x4,0x0,0xf0,0x96,0xb,0x2e,
  0xe4,0x4a,0xdd,0xc,0xb9,0xda,0xaa,0xd3,0xfa,0x70,0xee,0xad,0x2a,0x3c,0xbc,0xdb,
  0xcb,0x3d,0x2,0x0,0x78,0xcb,0x85,0x37,0x5c,0xe9,0x46,0xc8,0x9d,0x3a,0x71,0x5c,
  0x1f,0x3c,0x71,0xa3,0x72,0x76,0x6c,0x68,0x87,0x1e,0x1,0x0,0xbc,0xe5,0x82,0xb,
  0xb9,0xd2,0xfc,0x6c,0xed,0x58,0xf6,0xae,0xfa,0x8d,0x9d,0xaa,0x88,0xb8,0x84,0x86,
  0x72,0x87,0xbd,0x4e,0xc5,0x47,0xe,0x68,0xd3,0x87,0xaf,0x68,0xdb,0xa2,0x7f,0x30,
  0xd1,0xa4,0x93,0x3a,0x94,0xb6,0x42,0x55,0x15,0x65,0x4e,0xe5,0x85,0x99,0x7b,0x7c,
  0xd0,0x1b,0x0,0xbe,0x76,0x41,0xbf,0x85,0x20,0x2c,0x3a,0x56,0x11,0x71,0x9,0xaa,
  0xae,0xac,0x50,0x59,0x41,0x8e,0xec,0xb5,0x35,0xbe,0xee,0x12,0x0,0xc0,0x43,0x2e,
  0xf8,0xb7,0x10,0x54,0x96,0x16,0xa9,0xb2,0xb4,0xc8,0xd7,0xdd,0x0,0x0,0x78,0xc9,
  0x5,0x37,0xf1,0x4,0x0,0x70,0xe1,0x20,0xe4,0x0,0x0,0xc6,0x22,0xe4,0x0,0x0,
  0xc6,0x22,0xe4,0x0,0x0,0xc6,0x22,0xe4,0x0,0x0,0xc6,0x22,0xe4,0x0,0x0,0xc6,
  0x22,0xe4,0x0,0x0,0xc6,0x22,0xe4,0x0,0x0,0xc6,0x22,0xe4,0x0,0x0,0xc6,0x22,
  0xe4,0x0,0x0,0xc6,0x22,0xe4,0x0,0x0,0xc6,0x22,0xe4,0x0,0x0,0xc6,0x22,0xe4,
  0x0,0x0,0xc6,0x22,0xe4,0x0,0x0,0xc6,0x22,0xe4,0x0,0x0,0xc6,0x22,0xe4,0x0,
  0x0,0xc6,0x22,0xe4,0x0,0x0,0xc6,0x22,0xe4,0x0,0x0,0xc6,0x22,0xe4,0x0,0x0,
  0xc6,0x22,0xe4,0x0,0x0,0xc6,0xa,0xc8,0x3a,0x29,0x5d,0xfe,0xab,0x5f,0xf9,0xba,
  0x1f,0x0,0x0,0x78,0xd4,0x5b,0x4f,0xfc,0x5a,0x36,0x49,0xe,0x87,0xc3,0xe1,0xeb,
  0xbe,0x0,0x0,0xe0,0x51,0x36,0x9b,0x8d,0xe1,0x4a,0x0,0x80,0xb9,0x8,0x39,0x0,
  0x80,0xb1,0x8,0x39,0x0,0x80,0xb1,0x8,0x39,0x0,0x80,0xb1,0x8,0x39,0x0,0x80,
  0xb1,0x8,0x39,0x0,0x80,0xb1,0x8,0x39,0x0,0x80,0xb1,0x8,0x39,0x0,0x80,0xb1,
  0x8,0x39,0x0,0x80,0xb1,0x8,0x39,0x0,0x80,0xb1,0x8,0x39,0x0,0x80,0xb1,0x8,
  0x39,0x0,0x80,0xb1,0x8,0x39,0x0,0x80,0xb1,0x8,0x39,0x0,0x80,0xb1,0x8,0x39,
  0x0,0x80,0xb1,0x2,0x7c,0xdd,0x1,0x40,0x92,0xaa,0xaa,0xaa,0xb4,0x2d,0x7d,0xbb,
  0x2e,0x19,0x3f,0xce,0xad,0xe3,0x77,0xed,0xda,0xad,0x84,0x84,0x78,0xc5,0xc4,0xc4,
  0x34,0x79,0x5c,0x65,0x65,0xa5,0x8e,0xe5,0xe5,0x2b,0x21,0xbe,0xa7,0xc2,0xc2,0xc2,
  0x9c,0xea,0x4b,0x4b,0xcb,0x54,0x54,0x5c,0xac,0xa4,0xc4,0x3e,0xa,0xc,0xc,0x54,
  0x75,0x75,0xb5,0x8e,0xe4,0xe4,0xaa,0x57,0x42,0xbc,0x42,0x43,0x43,0x9d,0x8e,0x2f,
  0x2b,0x2b,0x53,0x61,0x51,0x71,0x43,0x7d,0x5d,0x5d,0x9d,0x32,0xb3,0xb2,0x15,0xdf,
  0xb3,0x87,0xba,0x74,0xe9,0xe2,0x74,0x7c,0x45,0x45,0x85,0xf2,0xb,0x8e,0xbb,0xac,
  0xcf,0xc9,0xc9,0xd5,0xf1,0xc2,0x42,0xd9,0xed,0x76,0x45,0x47,0x47,0x2b,0xb9,0x5f,
  0x5f,0xf9,0xfb,0xfb,0x37,0x3a,0x26,0x2b,0x3b,0x5b,0x11,0xe1,0xe1,0xea,0xd6,0xad,
  0x9b,0xd3,0xf9,0x35,0x35,0x35,0xca,0x3e,0x92,0xa3,0xae,0xd1,0x51,0x96,0xf5,0x92,
  0x1a,0x3e,0xd3,0xb9,0xfc,0xfc,0x6c,0xa,0x9,0x9,0x51,0x4c,0xd7,0xae,0xa,0x9,
  0x9,0xb1,0x3c,0x2f,0x27,0x27,0x57,0xd5,0xd5,0xd5,0xea,0xdf,0x3f,0xd9,0xb2,0x3e,
  0x37,0xf7,0xa8,0x24,0xa9,0x77,0xef,0x5e,0x96,0xf5,0x87,0x33,0x33,0xd5,0x25,0xac,
  0x8b,0x7a,0xf4,0xe8,0x6e,0x59,0xf,0xb4,0x7,0x42,0xe,0x1d,0xc2,0x8a,0xcf,0x57,
  0x29,0x38,0x28,0xd8,0xed,0xe3,0x1d,0x92,0x3e,0x5d,0xb0,0x58,0xf7,0xdf,0x77,0xb7,
  0x6c,0x36,0x9b,0xcb,0xe3,0x8e,0x1e,0xcb,0xd3,0x7b,0xff,0xfe,0x40,0x73,0x6e,0xbf,
  0x55,0x29,0x29,0x3,0x9c,0xea,0xf7,0xee,0xdb,0xa7,0x95,0x9f,0x7f,0xa1,0x47,0x1f,
  0xf9,0x81,0x62,0x62,0x62,0x54,0x52,0x52,0xaa,0x79,0xef,0xbd,0xaf,0x7b,0xee,0xfa,
  0xae,0xfa,0xf6,0x4d,0x6a,0x74,0x6c,0x5d,0x5d,0x9d,0xe6,0xfd,0xfb,0x3,0x15,0x16,
  0x16,0x35,0xd4,0x57,0x56,0x56,0x6a,0xde,0x7b,0xef,0xeb,0xd6,0x5b,0x6e,0x52,0xea,
  0xe0,0x41,0x8d,0xfb,0xe8,0x70,0xe8,0x83,0x8f,0x3e,0x51,0x6e,0xee,0x51,0xa7,0xfa,
  0xbc,0xbc,0x7c,0x7d,0xba,0x70,0x91,0xa,0xb,0x8b,0x64,0xb3,0xd9,0x14,0x10,0x10,
  0xa0,0x9a,0x9a,0x1a,0x45,0x44,0x44,0x68,0xf6,0x75,0x33,0x75,0xd1,0x39,0xc1,0x32,
  0xff,0xd3,0x45,0x1a,0x36,0x34,0x55,0x57,0x5d,0x39,0xcd,0xa9,0xff,0xab,0xbe,0xf8,
  0x4a,0x1b,0x37,0x6d,0xd6,0x84,0x4b,0xc7,0x5b,0xd6,0x4b,0xd2,0x89,0x13,0x25,0x9a,
  0xf7,0xde,0xfb,0x96,0x75,0xfe,0xfe,0xfe,0x1a,0x36,0x74,0x88,0xae,0x9b,0x35,0x43,
  0x7e,0x7e,0xff,0x19,0xd8,0x39,0x75,0xea,0x94,0xde,0x7a,0xfb,0x5d,0xd9,0xed,0x76,
  0xdd,0x75,0xe7,0x1c,0x25,0xf7,0xeb,0xe7,0x74,0xee,0xb2,0xcf,0x56,0xc8,0x26,0x9b,
  0xbe,0xff,0xc0,0x7d,0x96,0x6d,0xbf,0xff,0xc1,0xc7,0x1a,0x3c,0x68,0xa0,0x6e,0xbc,
  0x61,0xb6,0x65,0x3d,0xd0,0x1e,0x8,0x39,0xf8,0x5c,0x76,0xf6,0x11,0xed,0xd9,0xb3,
  0x4f,0x3f,0xfa,0xe1,0x43,0x6e,0x9f,0x33,0x6c,0xe8,0x10,0x6d,0x48,0xfb,0x46,0x9b,
  0x36,0x6f,0xd1,0xb8,0xb1,0x63,0xbc,0xd8,0xbb,0xff,0xf8,0x6a,0xf5,0x1a,0x15,0x16,
  0x16,0xb9,0x7d,0x7c,0xda,0x37,0xdf,0x36,0xdc,0xed,0x9c,0xab,0xa0,0xe0,0xb8,0xfe,
  0xf1,0xd6,0xdb,0x8a,0x89,0xe9,0xaa,0x5b,0x6f,0xbe,0x51,0xc9,0xc9,0xfd,0x14,0x18,
  0x18,0xa8,0xcc,0xac,0x6c,0xad,0x58,0xf9,0xb9,0x3e,0xf8,0xf0,0x63,0xdd,0x7f,0xef,
  0xdd,0x8a,0x8f,0xef,0xd9,0x64,0xfb,0x59,0xd9,0xd9,0xda,0xb8,0x69,0xb3,0xdb,0xfd,
  0x99,0x72,0xf9,0x65,0x1a,0x92,0x9a,0x2a,0xe9,0x6c,0x0,0x57,0x55,0x57,0x69,0xd3,
  0xe6,0x2d,0x4a,0xdf,0xbe,0x43,0x11,0x11,0x11,0x9a,0x7a,0xc5,0xe5,0xd,0xc7,0x6e,
  0xdf,0xb1,0x4b,0x61,0x61,0xa1,0x8a,0x8a,0x8a,0xd2,0xe6,0x2d,0xdb,0x2c,0x43,0xe,
  0xe8,0xc,0x78,0x26,0x7,0x9f,0x5b,0xb3,0x76,0x9d,0x86,0xd,0x1d,0x62,0x39,0x9c,
  0xe8,0x70,0x38,0x54,0x5e,0x7e,0x52,0xe,0x87,0xc3,0xa9,0x6e,0xdc,0x98,0x31,0x5a,
  0xb7,0x3e,0x4d,0x76,0xbb,0xdd,0xeb,0x7d,0xcc,0x3d,0x7a,0x54,0x1b,0xd2,0xbe,0x55,
  0xcf,0x9e,0x3d,0xdc,0x3a,0xbe,0xa8,0xa8,0x48,0x5f,0x7e,0xb5,0xc6,0xf2,0xf8,0x85,
  0x8b,0x97,0xc8,0x66,0xb3,0xe9,0xb6,0x5b,0x6e,0x52,0x6a,0xea,0x60,0x85,0x84,0x84,
  0xc8,0xdf,0xdf,0x5f,0x17,0xf5,0x4f,0xd6,0xec,0x59,0x33,0x55,0x5b,0x5b,0xab,0xb5,
  0xeb,0x37,0x34,0xd9,0x7e,0x75,0x75,0xb5,0x16,0x2e,0x5a,0xaa,0xc8,0xc8,0x48,0xcb,
  0x61,0x55,0x2b,0xe1,0xe1,0xe1,0x8a,0x8d,0xed,0xa6,0xd8,0xd8,0x6e,0x8a,0x8b,0x8b,
  0x55,0xef,0x5e,0xbd,0x74,0xe3,0xf5,0xb3,0xd5,0xb5,0x6b,0x57,0xed,0xdd,0xb7,0xaf,
  0xd1,0xb1,0xdb,0xd2,0xb7,0xab,0x7f,0x72,0xb2,0x86,0xf,0x1b,0xaa,0x8c,0x8c,0xfd,
  0xaa,0xa8,0xa8,0x70,0xeb,0x1a,0x40,0x47,0x43,0xc8,0xc1,0xa7,0x8e,0x1f,0x3f,0xae,
  0xcc,0xcc,0x2c,0xd,0x1b,0x3a,0xa4,0x51,0x79,0x55,0x55,0x95,0x3e,0xfc,0x78,0xbe,
  0xfe,0xf0,0xfc,0x9f,0xf5,0xe7,0xff,0x7d,0x49,0xbf,0xff,0xe3,0xb,0x5a,0xbf,0xe1,
  0x9b,0x46,0xc7,0xc,0x1a,0x94,0xa2,0x53,0xa7,0x4e,0x69,0xf7,0xee,0x3d,0x5e,0xed,
  0x63,0x6d,0x6d,0xad,0x16,0x2c,0x5c,0xa2,0x2e,0x5d,0xc2,0x34,0xfd,0xaa,0x2b,0x9b,
  0x3d,0xde,0xe1,0x70,0xe8,0xd3,0x85,0x8b,0x15,0x10,0x10,0xa0,0x59,0x33,0xae,0x6d,
  0x54,0x97,0x97,0x97,0xaf,0xbc,0xbc,0x7c,0x4d,0xb8,0x74,0xbc,0xe5,0x33,0xb4,0x3e,
  0x7d,0x7a,0xeb,0xae,0x3b,0xe7,0xe8,0x6a,0x17,0x43,0x8f,0xf5,0x3e,0x5f,0xf5,0xa5,
  0x4a,0x4b,0x4b,0x75,0xfd,0xec,0x99,0xa,0x8,0x68,0xdb,0x80,0x4c,0x54,0x64,0xa4,
  0x4e,0x9e,0xfc,0x4f,0x88,0xe5,0xe6,0x1e,0x55,0x51,0x51,0x91,0x52,0x52,0x6,0x68,
  0x48,0xea,0x60,0x49,0xd2,0xd6,0x6d,0xe9,0x6d,0xba,0x6,0xe0,0x2b,0xc,0x57,0xc2,
  0xa7,0x32,0xf6,0x1f,0x54,0x70,0x70,0xb0,0x12,0x13,0xfb,0x34,0x94,0xd5,0xd5,0xd5,
  0xe9,0xfd,0xf,0x3f,0x56,0x51,0x51,0xb1,0x2e,0x9b,0x34,0x41,0x29,0x3,0x2e,0xd2,
  0xb6,0xf4,0xed,0x5a,0xf5,0xc5,0x97,0x8a,0x8c,0x8,0xd7,0xb0,0x61,0x43,0x25,0x49,
  0xa1,0xa1,0xa1,0x4a,0x48,0x88,0xd7,0xbe,0x8c,0xfd,0xd,0x65,0xae,0x64,0x1f,0xc9,
  0x51,0x75,0x4d,0x8d,0x53,0x79,0x7e,0x7e,0x41,0xb3,0x7d,0xfc,0xf2,0xab,0x35,0x2a,
  0x2e,0x2e,0xd6,0x9c,0xdb,0x6f,0x75,0xeb,0xae,0x69,0xdd,0xfa,0x34,0x1d,0x3b,0x96,
  0xa7,0xeb,0x67,0xcf,0x52,0x64,0x64,0x44,0xa3,0xba,0x63,0x79,0x79,0x92,0xa4,0xf8,
  0x9e,0xae,0x87,0x22,0x9b,0x1b,0x1a,0xcc,0xcc,0xcc,0xd2,0xe6,0x2d,0x5b,0x35,0x66,
  0xf4,0xa8,0x36,0xf,0x23,0x16,0x16,0x16,0x29,0x2b,0x3b,0x5b,0xfd,0xfa,0xf6,0x6d,
  0x28,0xdb,0x96,0xbe,0x5d,0xa1,0xa1,0xa1,0x1a,0x98,0x32,0xe0,0xec,0x1d,0xe6,0x45,
  0xfd,0xb5,0x65,0x6b,0xba,0x2e,0x9b,0x34,0xd1,0xe9,0xf9,0xe7,0xe9,0x33,0xa7,0xb5,
  0xcb,0xc5,0x97,0x8c,0xf6,0xb8,0xc3,0x6,0x9a,0x43,0xc8,0xc1,0xa7,0x8e,0xe4,0xe4,
  0x28,0x2a,0x2a,0xb2,0x51,0x59,0x66,0x56,0xb6,0xb2,0xb2,0xb2,0x75,0xdf,0x3d,0x77,
  0x35,0x84,0xdf,0x95,0xd3,0xa6,0xaa,0xb4,0xb4,0x4c,0x27,0x2b,0x4e,0x35,0x3a,0x36,
  0x3a,0x3a,0x5a,0x87,0xf,0x67,0x36,0x7b,0x9d,0xd,0x69,0xdf,0x34,0x7b,0x8c,0x95,
  0x9c,0x9c,0x5c,0x7d,0xf3,0xed,0x46,0x8d,0x18,0x31,0x4c,0x29,0x29,0x3,0x54,0x50,
  0x70,0xbc,0xc9,0xe3,0x8f,0x1f,0x2f,0xd4,0x9a,0xaf,0xd7,0x2a,0x65,0xc0,0x45,0x1a,
  0x39,0x62,0xb8,0x4e,0x9e,0x3c,0xd9,0xa8,0xfe,0xf4,0xe9,0xd3,0x92,0xd4,0xec,0xac,
  0x50,0x57,0xaa,0xab,0xab,0xb5,0x70,0xf1,0x12,0x45,0x47,0x47,0xeb,0xaa,0x2b,0xa7,
  0xb6,0xe8,0xdc,0xdd,0xbb,0xf7,0x36,0x3c,0x53,0xac,0xab,0xab,0x53,0xee,0xd1,0xa3,
  0xca,0xcf,0x2f,0x90,0xbf,0xbf,0x7f,0xc3,0xf3,0xb8,0x9a,0x9a,0x1a,0xed,0xda,0xbd,
  0x47,0x23,0x47,0xc,0x6f,0x98,0xe5,0x39,0x72,0xc4,0x70,0x7d,0xb8,0xff,0x13,0xed,
  0x3f,0x70,0x50,0x3,0xcf,0x9b,0xbc,0x53,0x52,0x52,0xaa,0x4f,0xe6,0x2f,0x68,0xd5,
  0x67,0x1,0xda,0x3,0x21,0x7,0x9f,0xaa,0xa8,0xa8,0x50,0x64,0x44,0xe3,0xbb,0x9d,
  0xfa,0x5f,0xbc,0xe7,0xde,0xdd,0xd9,0x6c,0x36,0xdd,0x7a,0xcb,0x4d,0x4e,0xe7,0x47,
  0x45,0x46,0xa8,0xb2,0xb2,0x52,0x75,0x75,0x75,0x4e,0x53,0xef,0xcf,0x75,0xc3,0xf5,
  0xd7,0xa9,0x7f,0xb2,0xf3,0x54,0xf8,0x2d,0x5b,0xb7,0x6a,0xf5,0x9a,0xb5,0x96,0xe7,
  0xd4,0xd4,0xd4,0x68,0xc1,0xa2,0xc5,0x8a,0x88,0x8,0xd7,0xb5,0xd3,0xaf,0x6e,0xf6,
  0xb3,0xd8,0xed,0x76,0x2d,0x58,0xb4,0x58,0x41,0x41,0x41,0xba,0x6e,0xd6,0xc,0xcb,
  0x63,0x82,0x83,0xcf,0xce,0x20,0x3d,0x59,0x71,0x52,0x71,0x71,0xb1,0xcd,0xb6,0x79,
  0xbe,0x15,0x2b,0x57,0xa9,0xac,0xac,0x5c,0xf7,0xde,0x7d,0xa7,0x82,0x82,0x82,0x5a,
  0x74,0x6e,0x7e,0x41,0x81,0x4e,0x94,0x94,0x48,0x92,0xfc,0xfd,0xfd,0x14,0x19,0x19,
  0xa9,0x31,0xa3,0x47,0x69,0xc2,0xa5,0xe3,0xd5,0xb5,0x6b,0x57,0x49,0xd2,0xee,0x3d,
  0x7b,0x55,0x5d,0x5d,0xad,0x84,0xf8,0xf8,0x86,0xbb,0xdc,0xc8,0xc8,0x8,0x5,0x4,
  0x4,0x68,0xf3,0x96,0xad,0x4e,0x21,0xd7,0xa3,0x47,0x77,0xdd,0x79,0xc7,0x1c,0xcb,
  0xeb,0xfd,0xe5,0xe5,0x57,0x5b,0xfa,0xf1,0x0,0x8f,0x23,0xe4,0xe0,0x53,0x55,0x55,
  0xd5,0xea,0x1e,0x17,0xd7,0xa8,0xac,0xa4,0xa4,0xc4,0xe5,0xda,0xad,0xf3,0xd5,0x4f,
  0x56,0xa9,0xa9,0xa9,0x69,0x32,0xe4,0x42,0x43,0x42,0x14,0x1e,0xee,0xbc,0x4e,0xad,
  0xa9,0xa0,0xf8,0xe2,0xcb,0xd5,0x3a,0x71,0xa2,0x44,0x77,0xde,0xf1,0x9d,0x86,0x70,
  0x6a,0xca,0xda,0x75,0x1b,0x94,0x97,0x97,0xaf,0x9b,0x6e,0xbc,0x5e,0xe1,0xe1,0xe1,
  0x96,0xc7,0xc4,0xfc,0x5f,0x98,0x14,0x15,0x15,0xbb,0x1c,0x6a,0xcc,0xc9,0xcd,0x95,
  0xcd,0x66,0x53,0xaf,0x84,0x84,0x46,0xc3,0x83,0x87,0xe,0x1d,0xd6,0xd6,0x6d,0xe9,
  0x1a,0x3f,0x6e,0xac,0x92,0x92,0x12,0x9b,0xed,0xcf,0xf9,0xa6,0x4d,0x9d,0xa2,0xd1,
  0xa3,0x2e,0x6e,0xf2,0x98,0x6d,0xe9,0xdb,0x25,0x49,0xb,0x16,0x2d,0x76,0xaa,0x3b,
  0x74,0xe8,0xb0,0x4a,0x4b,0x4b,0x15,0x1d,0x1d,0xdd,0x50,0xe6,0xef,0xe7,0x6f,0xf9,
  0x73,0x5,0x3a,0xa,0x42,0xe,0x3e,0x15,0x1a,0x1a,0xa2,0x33,0x67,0xce,0x34,0x2a,
  0x8b,0x8c,0x8c,0x54,0x65,0x65,0xa5,0x1c,0xe,0x47,0xa3,0x5f,0xf2,0x59,0x59,0xd9,
  0xaa,0xad,0xab,0x6b,0xb4,0x86,0xec,0xf4,0xe9,0x33,0xf2,0xf3,0xf3,0x73,0x3b,0x14,
  0xdd,0x95,0x95,0x7d,0x44,0xdf,0x6e,0xdc,0xa4,0x51,0xa3,0x46,0xba,0x5c,0xc,0x7d,
  0xae,0xfc,0xfc,0x2,0xad,0xdf,0x90,0xa6,0xc1,0x83,0x6,0x3a,0x4d,0xa2,0x39,0x57,
  0x52,0x52,0xa2,0x2,0x3,0x3,0xb5,0x2f,0x63,0xbf,0xc6,0x8e,0x19,0x6d,0xb9,0xc6,
  0x6f,0xd9,0xb1,0x98,0x6c,0xf9,0x0,0x0,0x3,0x31,0x49,0x44,0x41,0x54,0xf2,0x15,
  0xaa,0xac,0xac,0xd4,0x8f,0x7f,0xf4,0xc3,0x86,0xb2,0x33,0x67,0xaa,0xb4,0x68,0xc9,
  0x52,0xc5,0xc4,0xc4,0x68,0xda,0xd4,0x29,0xad,0xf9,0x48,0xcd,0x3a,0x71,0xe2,0x84,
  0x8e,0x1c,0xc9,0xd1,0x65,0x93,0x26,0x68,0xdc,0xd8,0xb1,0x8d,0xea,0xa,0xb,0xb,
  0xf5,0xf6,0xbb,0xef,0x69,0xcb,0xd6,0x6d,0x9a,0x36,0xf5,0xa,0xaf,0x5c,0x1f,0xf0,
  0x6,0x66,0x57,0xc2,0xa7,0x22,0x23,0x23,0x55,0x7e,0xde,0x73,0xab,0xa4,0xc4,0x3e,
  0x72,0x38,0x1c,0xda,0xbb,0x2f,0xa3,0xa1,0xac,0xae,0xae,0x4e,0x1f,0xcf,0x5f,0xa0,
  0x4d,0xe7,0xad,0xb,0x2b,0x3f,0x59,0xae,0xa8,0xa8,0x28,0x8f,0xf7,0x6b,0xed,0xba,
  0xf5,0x8a,0x8a,0x8a,0x72,0x6b,0x36,0xa5,0x24,0xad,0xdf,0x90,0xa6,0x90,0x90,0x10,
  0xcd,0x9c,0x71,0x4d,0x93,0xc7,0x5,0x4,0x4,0x68,0xc2,0xa5,0x97,0x28,0x33,0x33,
  0x4b,0x5f,0x7c,0xb9,0xda,0xa9,0x7e,0xdd,0xfa,0xd,0xca,0xcf,0x2f,0xd0,0xd8,0x31,
  0x63,0x1a,0x5,0x60,0xfa,0xf6,0x1d,0x3a,0x79,0xb2,0x42,0x37,0x5c,0x3f,0x4b,0x81,
  0x81,0x81,0x2d,0xfa,0x2c,0xee,0xaa,0xbf,0x8b,0x1b,0x75,0xf1,0xc5,0xa,0xf,0xef,
  0xd2,0xe8,0x9f,0x7e,0xfd,0xfa,0xaa,0x7b,0xf7,0xee,0xda,0x96,0xbe,0x43,0x75,0x75,
  0x75,0x5e,0xb9,0x3e,0xe0,0xd,0xdc,0xc9,0xc1,0xa7,0xfa,0x27,0xf7,0xd3,0xb2,0xe5,
  0x2b,0x54,0x5d,0x5d,0xdd,0x30,0x74,0xd8,0xb7,0x6f,0x92,0x6,0xa6,0xc,0xd0,0x27,
  0xf3,0x17,0x28,0x63,0x68,0xaa,0x92,0x12,0x13,0xb5,0x73,0xe7,0x6e,0x9d,0x39,0x73,
  0x46,0x93,0x27,0x4f,0x6a,0x74,0x7e,0x4e,0xce,0x51,0xf5,0x4f,0xf6,0xfc,0x42,0x65,
  0xbb,0xdd,0xae,0xeb,0x67,0xcf,0x74,0xfb,0xb9,0x97,0xdd,0x6e,0xd7,0xcc,0x19,0xd7,
  0x58,0x6e,0xdd,0x75,0xbe,0x49,0x13,0x2f,0xd5,0xb1,0x63,0xc7,0xb4,0x7e,0x43,0x9a,
  0xe,0x1c,0x3c,0xa4,0x8b,0xfa,0xf7,0x53,0x48,0x48,0x88,0xe,0x1d,0xce,0x54,0x76,
  0xf6,0x11,0xd,0x1a,0x34,0x50,0x13,0x27,0x5c,0xe2,0xd4,0xfe,0x84,0x4b,0xc7,0xab,
  0x4f,0xef,0xde,0xad,0xfa,0x3c,0xcd,0x71,0x38,0x1c,0x4a,0xdf,0xbe,0x53,0x49,0x49,
  0x89,0x8a,0x8e,0xb6,0xfe,0xd2,0x70,0xf1,0xc8,0xe1,0x5a,0xb1,0x72,0x95,0xf6,0xee,
  0xcb,0xd0,0xd0,0x21,0xa9,0x5e,0xe9,0x7,0xe0,0x69,0x84,0x1c,0x7c,0x6a,0x60,0x4a,
  0x8a,0x96,0x2d,0x5f,0xa1,0xcc,0xac,0xec,0x46,0x93,0x1a,0x6e,0xbb,0xf5,0x66,0xad,
  0x5d,0xb7,0x41,0xfb,0xf7,0x1f,0x50,0x66,0x66,0x96,0x62,0x63,0x63,0x75,0xcf,0xdd,
  0xdf,0x55,0xaf,0x84,0x84,0x86,0x63,0x4a,0x4b,0x4b,0x55,0x52,0x52,0xa2,0xc1,0x83,
  0x5d,0xdf,0x3d,0x85,0x85,0x86,0x2a,0x29,0x29,0x51,0xa1,0x61,0xd6,0x53,0xff,0xa3,
  0x22,0x23,0x95,0x94,0x94,0xa8,0x80,0x80,0xb3,0x77,0x47,0x41,0x41,0x41,0x4a,0x4a,
  0x4a,0x54,0xbf,0xbe,0x49,0x8d,0xa6,0xd5,0xd7,0xab,0xaf,0xaf,0x1f,0x1e,0xf5,0xf7,
  0xf7,0x57,0x52,0x52,0xa2,0x12,0xe2,0xe3,0x9d,0xb6,0xf5,0x3a,0xb7,0xbe,0xcb,0x39,
  0xb,0xdd,0x3,0x2,0x2,0xf4,0x9d,0xdb,0x6f,0xd5,0x8e,0x1d,0xbb,0xb4,0x7d,0xe7,
  0x4e,0xed,0xda,0xbd,0x47,0x75,0x75,0x76,0xc5,0xc5,0xc5,0xea,0xc6,0x1b,0x66,0x6b,
  0xd8,0xd0,0x21,0x8d,0xee,0xe2,0xfa,0xf4,0xee,0x25,0xbb,0xdd,0xae,0x2b,0xa6,0x5c,
  0xee,0xd4,0x7e,0x7d,0x7d,0xfd,0xc4,0x11,0x2b,0xf5,0x7d,0x8e,0x70,0xf1,0x9c,0x50,
  0x3a,0xbb,0xb,0x4b,0xb7,0x6e,0x31,0x1a,0x3f,0x6e,0xac,0xcb,0x63,0xce,0x2e,0xc,
  0x3f,0xa0,0x82,0x82,0xe3,0x1a,0x3a,0x24,0x55,0x9,0xf1,0xf1,0x2e,0x8f,0x95,0xce,
  0xde,0x91,0xc7,0xc6,0xb6,0x7c,0x72,0xd,0xe0,0x49,0x36,0x49,0xe,0xab,0xdd,0x24,
  0x80,0xf6,0x32,0xff,0xd3,0x85,0xaa,0xa9,0xad,0xd5,0xed,0xb7,0xde,0xdc,0xa2,0xf3,
  0x56,0xaf,0x59,0xab,0xbd,0xfb,0x32,0xf4,0xd0,0x83,0xf,0x78,0xa9,0x67,0x0,0x3a,
  0x33,0x9b,0xcd,0xc6,0x33,0x39,0xf8,0xde,0x65,0x93,0x26,0xea,0xe0,0xc1,0x43,0x2a,
  0x2b,0x2b,0x73,0xfb,0x9c,0xba,0xba,0x3a,0x6d,0x4b,0x4f,0xd7,0xe5,0xe7,0xd,0x5f,
  0x2,0xc0,0xb9,0x8,0x39,0xf8,0x5c,0x5c,0x5c,0xac,0x26,0x5c,0x7a,0x89,0x56,0x59,
  0x4c,0xc4,0x70,0x65,0xe3,0xa6,0xcd,0x2e,0x87,0x8,0x1,0xa0,0x1e,0xc3,0x95,0xe8,
  0x10,0xec,0x76,0xbb,0x32,0xb3,0xb2,0xdd,0x9e,0x44,0x92,0x9b,0x7b,0x54,0xdd,0xba,
  0xc5,0xb8,0xbd,0x39,0x31,0x80,0xb,0x8f,0xcd,0x66,0x23,0xe4,0x0,0x0,0x66,0xe2,
  0x99,0x1c,0x0,0xc0,0x68,0x84,0x1c,0x0,0xc0,0x58,0x84,0x1c,0x0,0xc0,0x58,0x84,
  0x1c,0x0,0xc0,0x58,0x84,0x1c,0x0,0xc0,0x58,0x84,0x1c,0x0,0xc0,0x58,0x84,0x1c,
  0x0,0xc0,0x58,0x84,0x1c,0x0,0xc0,0x58,0x84,0x1c,0x0,0xc0,0x58,0x84,0x1c,0x0,
  0xc0,0x58,0x84,0x1c,0x0,0xc0,0x58,0x84,0x1c,0x0,0xc0,0x58,0x84,0x1c,0x0,0xc0,
  0x58,0x36,0x49,0xbc,0x82,0x0,0x0,0x60,0xa4,0xff,0xf,0x9,0x5d,0x52,0x34,0xe5,
  0x4d,0x4c,0x45,0x0,0x0,0x0,0x0,0x49,0x45,0x4e,0x44,0xae,0x42,0x60,0x82,
  
};

static const unsigned char qt_resource_name[] = {
  // kumir2-launcher
  0x0,0xf,
  0x0,0xcf,0xed,0x82,
  0x0,0x6b,
  0x0,0x75,0x0,0x6d,0x0,0x69,0x0,0x72,0x0,0x32,0x0,0x2d,0x0,0x6c,0x0,0x61,0x0,0x75,0x0,0x6e,0x0,0x63,0x0,0x68,0x0,0x65,0x0,0x72,
    // window-icon-highgrade.png
  0x0,0x19,
  0x5,0x92,0xba,0x47,
  0x0,0x77,
  0x0,0x69,0x0,0x6e,0x0,0x64,0x0,0x6f,0x0,0x77,0x0,0x2d,0x0,0x69,0x0,0x63,0x0,0x6f,0x0,0x6e,0x0,0x2d,0x0,0x68,0x0,0x69,0x0,0x67,0x0,0x68,0x0,0x67,
  0x0,0x72,0x0,0x61,0x0,0x64,0x0,0x65,0x0,0x2e,0x0,0x70,0x0,0x6e,0x0,0x67,
    // splashscreen-highgrade.png
  0x0,0x1a,
  0x9,0x39,0x8,0x7,
  0x0,0x73,
  0x0,0x70,0x0,0x6c,0x0,0x61,0x0,0x73,0x0,0x68,0x0,0x73,0x0,0x63,0x0,0x72,0x0,0x65,0x0,0x65,0x0,0x6e,0x0,0x2d,0x0,0x68,0x0,0x69,0x0,0x67,0x0,0x68,
  0x0,0x67,0x0,0x72,0x0,0x61,0x0,0x64,0x0,0x65,0x0,0x2e,0x0,0x70,0x0,0x6e,0x0,0x67,
  
};

static const unsigned char qt_resource_struct[] = {
  // :
  0x0,0x0,0x0,0x0,0x0,0x2,0x0,0x0,0x0,0x1,0x0,0x0,0x0,0x1,
0x0,0x0,0x0,0x0,0x0,0x0,0x0,0x0,
  // :/kumir2-launcher
  0x0,0x0,0x0,0x0,0x0,0x2,0x0,0x0,0x0,0x2,0x0,0x0,0x0,0x2,
0x0,0x0,0x0,0x0,0x0,0x0,0x0,0x0,
  // :/kumir2-launcher/window-icon-highgrade.png
  0x0,0x0,0x0,0x24,0x0,0x0,0x0,0x0,0x0,0x1,0x0,0x0,0x0,0x0,
0x0,0x0,0x1,0x9f,0x3e,0x33,0x4f,0xd0,
  // :/kumir2-launcher/splashscreen-highgrade.png
  0x0,0x0,0x0,0x5c,0x0,0x0,0x0,0x0,0x0,0x1,0x0,0x0,0x50,0x50,
0x0,0x0,0x1,0x9f,0x3e,0x33,0x4f,0xd0,

};

#ifdef QT_NAMESPACE
#  define QT_RCC_PREPEND_NAMESPACE(name) ::QT_NAMESPACE::name
#  define QT_RCC_MANGLE_NAMESPACE0(x) x
#  define QT_RCC_MANGLE_NAMESPACE1(a, b) a##_##b
#  define QT_RCC_MANGLE_NAMESPACE2(a, b) QT_RCC_MANGLE_NAMESPACE1(a,b)
#  define QT_RCC_MANGLE_NAMESPACE(name) QT_RCC_MANGLE_NAMESPACE2( \
        QT_RCC_MANGLE_NAMESPACE0(name), QT_RCC_MANGLE_NAMESPACE0(QT_NAMESPACE))
#else
#   define QT_RCC_PREPEND_NAMESPACE(name) name
#   define QT_RCC_MANGLE_NAMESPACE(name) name
#endif

#ifdef QT_NAMESPACE
namespace QT_NAMESPACE {
#endif

bool qRegisterResourceData(int, const unsigned char *, const unsigned char *, const unsigned char *);
bool qUnregisterResourceData(int, const unsigned char *, const unsigned char *, const unsigned char *);

#ifdef QT_NAMESPACE
}
#endif

int QT_RCC_MANGLE_NAMESPACE(qInitResources_kumir2_highgrade)();
int QT_RCC_MANGLE_NAMESPACE(qInitResources_kumir2_highgrade)()
{
    int version = 3;
    QT_RCC_PREPEND_NAMESPACE(qRegisterResourceData)
        (version, qt_resource_struct, qt_resource_name, qt_resource_data);
    return 1;
}

int QT_RCC_MANGLE_NAMESPACE(qCleanupResources_kumir2_highgrade)();
int QT_RCC_MANGLE_NAMESPACE(qCleanupResources_kumir2_highgrade)()
{
    int version = 3;
    QT_RCC_PREPEND_NAMESPACE(qUnregisterResourceData)
       (version, qt_resource_struct, qt_resource_name, qt_resource_data);
    return 1;
}

namespace {
   struct initializer {
       initializer() { QT_RCC_MANGLE_NAMESPACE(qInitResources_kumir2_highgrade)(); }
       ~initializer() { QT_RCC_MANGLE_NAMESPACE(qCleanupResources_kumir2_highgrade)(); }
   } dummy;
}
